Category,Niche,Est_Businesses_US,Avg_Revenue_Range,ARPU_Monthly_Realistic,CAC_Realistic,Annual_Churn,Competition_Density,Market_Maturity,Sales_Complexity,Switching_Cost,Discovery_Difficulty,Integration_Burden,Opportunity_Score,Key_Insight
Construction Trades,HVAC contractors,88000,"$1.2M-$4.5M","$299-$699","$1800-$4500",28%,6,Developing,Medium,Medium,Low,Medium,84,"ServiceTitan dominates but 60% still use QuickBooks. Dispatch/scheduling pain is acute."
Logistics,Local trucking (5-20 trucks),75000,"$2M-$12M","$399-$899","$2500-$6000",32%,5,Early,Medium-High,Low,Medium,High,83,"Rose Rocket targets fleets 20+. Small trucking uses spreadsheets + TMS hate. Compliance pain (ELD, IFTA) is forcing digitization."
Construction Trades,Plumbing contractors,120000,"$900K-$3.5M","$249-$599","$1500-$4000",30%,6,Developing,Medium,Medium,Low,Medium,82,"Jobber, Housecall Pro, ServiceTitan compete but 50%+ still use pen & paper dispatch. High ghosting rate."
B2B Distribution,Wholesalers/distributors (SMB),85000,"$3M-$18M","$399-$1200","$3000-$8000",25%,4,Early,High,High,Medium-High,Very High,81,"NetSuite too expensive. QuickBooks + spreadsheets is the norm. Inventory + order management pain is massive. Long sales cycles but sticky."
Construction Trades,Electrical contractors,95000,"$1M-$4M","$249-$599","$1500-$4000",30%,6,Developing,Medium,Medium,Low,Medium,80,"Same dynamics as HVAC/plumbing. Permitting + inspection tracking is a unique pain point."
Logistics,Warehousing/3PL (regional),28000,"$3M-$15M","$499-$1500","$3500-$9000",27%,5,Developing,High,Medium,High,Very High,79,"ShipBob, Flexport dominate enterprise. Regional 3PLs use Fishbowl or worse. WMS is painful but necessary."
Professional Services,IT Services/MSPs (5-25 employees),110000,"$800K-$6M","$399-$999","$2500-$8000",22%,7,Mature,High,High,Medium,High,77,"ConnectWise, Autotask, Datto PSA own the market. But 40% of small MSPs still use disparate tools. RMM + PSA + documentation gap."
Construction Trades,Roofing contractors,50000,"$1.5M-$8M","$349-$799","$2000-$5000",35%,5,Developing,Medium,Low,Low,Medium,76,"AccuLynx, JobNimbus exist but adoption is weak. Estimating + photo documentation + insurance claims workflow is painful."
Auto Services,Collision/body shops,32000,"$1.5M-$5M","$299-$699","$1800-$4500",24%,6,Mature,Medium,High,Low,High,75,"CCC ONE, Mitchell dominate with insurance integration lock-in. But shops hate them. Estimating software is mandatory evil."
Healthcare,Physical therapy clinics,42000,"$900K-$3.5M","$399-$899","$2500-$7000",26%,8,Mature,High,Very High,Medium,Very High,74,"WebPT, Clinicient, Prompt dominate. HIPAA + insurance billing creates huge switching costs. Hard to break in without clearinghouse partnerships."
Home Services,Commercial janitorial,110000,"$500K-$3M","$199-$499","$1200-$3000",38%,4,Early,Low-Medium,Low,Medium,Low,74,"Janitorial Manager, CleanTelligence exist but penetration is <20%. Workforce management + supply tracking pain. High churn business."
Insurance,Insurance agencies/brokers (SMB),95000,"$600K-$5M","$299-$999","$1500-$5000",20%,7,Mature,High,Very High,Medium,Very High,73,"Applied Epic, Vertafore AMS360, Hawksoft own this. Agency management systems are deeply integrated with carriers. Almost impossible to displace."
Auto Services,Auto repair shops,85000,"$1M-$3.5M","$249-$599","$1400-$3500",28%,7,Mature,Medium,Medium,Low,Medium,72,"Shop-Ware, Mitchell 1, Tekmetric compete heavily. 2-way text with customers + digital inspections is the new battleground."
Construction Trades,General contractors (residential),145000,"$800K-$3.5M","$249-$649","$1600-$4000",32%,7,Developing,Medium,Medium,Low,Medium,71,"Buildertrend, CoConstruct, Procore (overkill) compete. Project management + client communication + change orders is the pain."
Construction Trades,Remodeling contractors,160000,"$700K-$2.8M","$229-$599","$1400-$3500",33%,6,Developing,Medium,Low,Low,Medium,70,"Overlap with GCs. Houzz Pro exists but is weak on operations. Estimating + job costing + client communication."
Real Estate,Property management (10-50 units),65000,"$800K-$5M","$349-$999","$2000-$6000",24%,8,Mature,Medium-High,High,Medium,High,69,"AppFolio, Buildium, Rentec dominate. Tenant/landlord portals + maintenance coordination + accounting. Hard to displace due to tenant data lock-in."
Healthcare,Dental practices,115000,"$800K-$2M","$499-$1200","$2500-$7000",20%,9,Mature,High,Very High,Medium,Very High,68,"Dentrix, Eaglesoft, Open Dental have 80%+ market share. HIPAA + insurance billing + imaging integration = fortress moat."
Professional Services,Accounting firms (3-15 employees),120000,"$500K-$2.5M","$249-$699","$1500-$4500",24%,8,Mature,High,High,Medium,Medium,67,"QuickBooks Online + practice management tools fragmented. Karbon, Canopy, Financial Cents compete. Client portal + workflow management pain."
Logistics,Courier/last-mile delivery,62000,"$800K-$5M","$249-$699","$1800-$4500",34%,6,Developing,Medium,Low,Medium,Medium,66,"Onfleet, Route4Me, Tookan compete. Route optimization + proof of delivery + customer notifications. Amazon/gig economy pressure."
Professional Services,Law firms (2-10 attorneys),145000,"$700K-$4M","$299-$899","$2000-$6000",22%,8,Mature,High,Very High,Medium,High,65,"Clio, MyCase, PracticePanther dominate. Trust accounting + case management + client intake. Very sticky once implemented."
Home Services,Pest control,58000,"$500K-$2M","$199-$499","$1200-$3000",32%,6,Developing,Medium,Low,Low,Low,64,"PestPac, ServSuite, FieldRoutes compete. Recurring service model. Route optimization + chemical inventory tracking."
Staffing,Staffing agencies (SMB),42000,"$2.5M-$25M","$399-$1500","$3000-$10000",28%,7,Mature,High,Medium,High,Very High,63,"Bullhorn, Avionte dominate. ATS + back-office (payroll, billing, onboarding) integration. Compliance heavy. Long sales cycles."
Healthcare,Med spa/aesthetics,25000,"$1.2M-$4M","$599-$1499","$2500-$8000",26%,8,Mature,High,Medium,Medium,High,62,"Zenoti, Boulevard, Vagaro compete. Appointment booking + EMR + product inventory. Instagram-driven marketing is key differentiator."
Construction Trades,Painting contractors,125000,"$300K-$1.5M","$149-$399","$900-$2400",35%,5,Early,Low-Medium,Low,Low,Low,61,"Jobber, Housecall Pro work here but low adoption. Estimating paint quantity + project tracking. High business churn."
Professional Services,Marketing agencies (3-15 employees),140000,"$600K-$4M","$249-$699","$1500-$5000",35%,8,Mature,Medium-High,Low,Medium,Medium,60,"Agency management is fragmented: Monday.com, ClickUp, Productive.io, Function Point. Profitability tracking + client reporting pain."
Home Services,Landscaping/lawn care,185000,"$300K-$1.2M","$149-$399","$800-$2200",36%,6,Developing,Low-Medium,Low,Low,Low,59,"LMN, Aspire, Yardbook compete. Route optimization + crew management. Seasonal business = churn risk."
Healthcare,Physician practices (independent),32000,"$2M-$10M","$699-$2400","$4000-$12000",18%,9,Mature,Very High,Very High,High,Very High,58,"Epic, athenahealth, Kareo own this. EMR + practice management + billing. Regulatory nightmare. Near-impossible to break in without partnerships."
Real Estate,Real estate brokerages (3-20 agents),85000,"$600K-$3.5M","$199-$599","$1200-$4000",30%,8,Mature,Medium,Medium,Medium,Medium,57,"Brokermint, SkySlope, Back At You compete. Transaction management + commission tracking. Dotloop/DocuSign partnerships matter."
Auto Services,Tire/wheel shops,28000,"$1.2M-$4M","$199-$499","$1400-$3500",26%,6,Mature,Low-Medium,Low,Low,Medium,56,"Shop management software overlap with auto repair. Inventory management + appointment booking. Point-of-sale integration critical."
Professional Services,Payroll service bureaus (SMB),18000,"$800K-$4M","$349-$899","$2000-$6000",20%,9,Mature,High,Very High,High,Very High,55,"ADP, Paychex, Gusto dominate. Tax filing + compliance + benefits admin. Heavily regulated. Multi-year contracts are standard."
Home Services,Residential cleaning,240000,"$150K-$600K","$99-$249","$500-$1500",45%,7,Developing,Low,Low,Low,Low,52,"Housecall Pro, Jobber, ZenMaid compete. Scheduling + payments + customer communication. Brutal churn - both businesses and software."
Fitness & Wellness,Boutique fitness studios,35000,"$500K-$2.5M","$149-$399","$800-$2500",40%,8,Mature,Medium,Medium,Low,Medium,50,"Mindbody dominates, Pike13, Glofox compete. Class scheduling + payments + waitlists. Business model is fragile - 80% fail."
Healthcare,Mental health group practices,48000,"$500K-$2.5M","$199-$599","$1500-$5000",28%,7,Developing,Medium-High,High,Medium,High,50,"SimplePractice, TherapyNotes, TheraNest compete. EHR + scheduling + insurance billing. HIPAA compliance. Teletherapy surge."
Personal Services,Hair salons,195000,"$250K-$700K","$79-$179","$400-$1200",42%,8,Mature,Low,Low,Low,Low,45,"Vagaro, Square Appointments, Booksy, Fresha compete. Appointment booking + payments + client retention. Owner-operator resistance."
Hospitality,Short-term rental operators (5-20 units),48000,"$400K-$2M","$149-$399","$800-$2500",35%,8,Mature,Medium,Medium,Medium,High,44,"Guesty, Hostaway, Lodgify compete. Multi-platform listing + pricing + cleaning coordination. Airbnb policy changes kill margins."
Childcare & Education,Daycare centers,62000,"$400K-$2.5M","$129-$349","$800-$2500",32%,6,Developing,Medium,Medium,Medium,Medium,43,"Procare, Brightwheel, HiMama compete. Parent communication + billing + licensing compliance. Regulation varies wildly by state."
Restaurants,Catering businesses,38000,"$700K-$4M","$149-$399","$800-$2500",38%,6,Developing,Medium,Low,Medium,Medium,42,"CaterTrax, Caterease exist but weak adoption. Event management + proposal generation + kitchen production. Profitability is tough."
Personal Services,Barbershops,88000,"$200K-$550K","$59-$139","$300-$900",46%,7,Mature,Low,Low,Low,Low,40,"Square Appointments, Booksy, The Cut dominate low end. Cash businesses resist software. Loyalty programs don't work."
Fitness & Wellness,Yoga/Pilates studios,32000,"$350K-$1.8M","$129-$329","$600-$2000",42%,7,Mature,Low-Medium,Low,Low,Low,39,"Mindbody, Pike13, Momence compete. Scheduling + memberships + livestream. Business churn mirrors fitness studio failure rates."
Personal Services,Nail salons,78000,"$220K-$600K","$59-$139","$350-$1000",48%,7,Mature,Low,Low,Low,Low,38,"Vagaro, Square, Booksy compete at low end. Cash-heavy businesses. Language barriers often exist. Low digital adoption."
E-commerce,SMB DTC brands (Shopify),185000,"$500K-$3M","$149-$399","$800-$3000",40%,9,Mature,Medium,Low,Easy,Medium,37,"Shopify app ecosystem is insanely crowded. Klaviyo, Gorgias, Recharge dominate their categories. Customer lifetime value is terrible."
Personal Services,Estheticians (independent),92000,"$180K-$550K","$79-$179","$350-$1000",44%,6,Developing,Low,Low,Low,Low,36,"Overlap with salons/spas. Boulevard, Vagaro, Booksy compete. Booking + retail product inventory. Mostly solopreneurs."
Retail,Specialty retail (single location),210000,"$600K-$2.5M","$99-$299","$600-$2000",40%,8,Mature,Low-Medium,Low,Medium,Medium,35,"Square, Lightspeed, Vend compete. POS + inventory + e-commerce. Amazon pressure. Declining brick-and-mortar viability."
Fitness & Wellness,Personal trainers (independent),145000,"$80K-$300K","$49-$119","$250-$800",50%,7,Developing,Low,Low,Low,Low,32,"Trainerize, My PT Hub, TrueCoach compete. Workout programming + client check-ins. High churn business AND software."
Restaurants,QSR (single-unit),82000,"$800K-$3M","$129-$349","$800-$2500",35%,9,Mature,Medium,High,Medium,High,31,"Toast, Square, Clover, Lightspeed own this. POS + online ordering + labor management. Razor-thin margins. Third-party delivery hell."
Retail,Convenience stores,45000,"$1M-$4M","$129-$349","$800-$2500",32%,7,Mature,Low-Medium,Medium,Low,Medium,30,"POS dominates (Clover, Square, NCR). Inventory + age verification + lottery. Competitive pressure from chains."
Restaurants,Full-service restaurants,125000,"$1.2M-$4.5M","$149-$399","$800-$3000",42%,9,Mature,Medium,Medium,Medium,High,28,"Toast, Square, Aloha, Upserve dominate. POS + reservations + labor scheduling. 60% fail in year 1. Profitability crisis post-COVID."