name,address,city,state,phone,website,rating,review_count,categories,hours,google_maps_url,business_status,has_website,search_term,vertical,scraped_at,place_id
Southern Botanical Landscaping,"3151 Halifax St Suite 100, Dallas, TX 75247, USA",Dallas,TX,(214) 366-2103,https://southernbotanical.com/,4.6,201,"general_contractor, service, point_of_interest, establishment",Monday: 8:00 AM – 5:00 PM | Tuesday: 8:00 AM – 5:00 PM | Wednesday: 8:00 AM – 5:00 PM | Thursday: 8:00 AM – 5:00 PM | Friday: 8:00 AM – 5:00 PM | Saturday: Closed | Sunday: Closed,https://maps.google.com/?cid=4607182187142903490&g_mp=Cidnb29nbGUubWFwcy5wbGFjZXMudjEuUGxhY2VzLlNlYXJjaFRleHQQAhgEIAA,OPERATIONAL,yes,"landscaping company Dallas, TX",landscaping,2026-03-11T15:49:59.460014,ChIJwyjANmucToYRwvYoEMr_7z8
Higher Ground Lawn Care & Landscape Lighting,"3225 Southwestern Blvd, Dallas, TX 75225, USA",Dallas,TX,(214) 531-3369,https://highergroundlm.com/?utm_source=GMBlisting&utm_medium=organic,4.9,125,"general_contractor, consultant, service, point_of_interest, establishment",Monday: 8:00 AM – 7:00 PM | Tuesday: 8:00 AM – 7:00 PM | Wednesday: 8:00 AM – 7:00 PM | Thursday: 8:00 AM – 7:00 PM | Friday: 8:00 AM – 7:00 PM | Saturday: 8:00 AM – 7:00 PM | Sunday: Closed,https://maps.google.com/?cid=5555289284496175991&g_mp=Cidnb29nbGUubWFwcy5wbGFjZXMudjEuUGxhY2VzLlNlYXJjaFRleHQQAhgEIAA,OPERATIONAL,yes,"landscaping company Dallas, TX",landscaping,2026-03-11T15:49:59.460039,ChIJOwswENWFToYRd7PtyitaGE0
Lambert Landscape Company,"2950 Irving Blvd, Dallas, TX 75247, USA",Dallas,TX,(214) 350-8350,http://www.lamberts.net/,4.5,33,"general_contractor, service, point_of_interest, establishment",Monday: 8:00 AM – 5:00 PM | Tuesday: 8:00 AM – 5:00 PM | Wednesday: 8:00 AM – 5:00 PM | Thursday: 8:00 AM – 5:00 PM | Friday: 8:00 AM – 5:00 PM | Saturday: Closed | Sunday: Closed,https://maps.google.com/?cid=15783104715867381671&g_mp=Cidnb29nbGUubWFwcy5wbGFjZXMudjEuUGxhY2VzLlNlYXJjaFRleHQQAhgEIAA,OPERATIONAL,yes,"landscaping company Dallas, TX",landscaping,2026-03-11T15:49:59.460050,ChIJMfco4iOcToYRp18R2h3aCNs
Texas Lawn Legends,"1606 Plantation Rd, Dallas, TX 75235, USA",Dallas,TX,(214) 617-7725,https://www.txlawnlegends.com/,4.9,145,"general_contractor, service, point_of_interest, establishment",Monday: Open 24 hours | Tuesday: Open 24 hours | Wednesday: Open 24 hours | Thursday: Open 24 hours | Friday: Open 24 hours | Saturday: Open 24 hours | Sunday: Open 24 hours,https://maps.google.com/?cid=466355164073388572&g_mp=Cidnb29nbGUubWFwcy5wbGFjZXMudjEuUGxhY2VzLlNlYXJjaFRleHQQAhgEIAA,OPERATIONAL,yes,"landscaping company Dallas, TX",landscaping,2026-03-11T15:49:59.460059,ChIJg26o_tqZToYRHGrDBY3TeAY
Complete Landscape & Design,"325 North St. Paul Street Suite 3100, Dallas, TX 75201, USA",Dallas,TX,(972) 200-0736,https://www.completelandscapetx.com/,4.9,39,"general_contractor, service, point_of_interest, establishment",Monday: 8:00 AM – 5:00 PM | Tuesday: 8:00 AM – 5:00 PM | Wednesday: 8:00 AM – 5:00 PM | Thursday: 8:00 AM – 5:00 PM | Friday: 8:00 AM – 5:00 PM | Saturday: 8:00 AM – 5:00 PM | Sunday: Closed,https://maps.google.com/?cid=13059374628015461949&g_mp=Cidnb29nbGUubWFwcy5wbGFjZXMudjEuUGxhY2VzLlNlYXJjaFRleHQQAhgEIAA,OPERATIONAL,yes,"landscaping company Dallas, TX",landscaping,2026-03-11T15:49:59.460068,ChIJd2kSi7hvSYYRPVacWwg4PLU
Splendid Gardens Landscaping,"2116 Lancer Ln, Lewisville, TX 75056, USA",Dallas,TX,(972) 898-0030,https://splendidgardens.net/,4.9,235,"florist, general_contractor, store, service, point_of_interest, establishment",Monday: 7:00 AM – 6:00 PM | Tuesday: 7:00 AM – 6:00 PM | Wednesday: 7:00 AM – 6:00 PM | Thursday: 7:00 AM – 6:00 PM | Friday: 7:00 AM – 6:00 PM | Saturday: 7:00 – 11:30 AM | Sunday: Closed,https://maps.google.com/?cid=13675568658801374906&g_mp=Cidnb29nbGUubWFwcy5wbGFjZXMudjEuUGxhY2VzLlNlYXJjaFRleHQQAhgEIAA,OPERATIONAL,yes,"landscaping company Dallas, TX",landscaping,2026-03-11T15:49:59.460077,ChIJg2j55ZEpTIYRujZSKT1hyb0
SIARA DESIGNS,"6720 Flanary Ln, Dallas, TX 75252, USA",Dallas,TX,(469) 666-4460,http://www.siaradesigns.com/,4.8,127,"general_contractor, service, point_of_interest, establishment",Monday: 8:00 AM – 6:00 PM | Tuesday: 8:00 AM – 6:00 PM | Wednesday: 8:00 AM – 6:00 PM | Thursday: 8:00 AM – 6:00 PM | Friday: 8:00 AM – 6:00 PM | Saturday: Closed | Sunday: Closed,https://maps.google.com/?cid=9707107629812380933&g_mp=Cidnb29nbGUubWFwcy5wbGFjZXMudjEuUGxhY2VzLlNlYXJjaFRleHQQAhgEIAA,OPERATIONAL,yes,"landscaping company Dallas, TX",landscaping,2026-03-11T15:49:59.460085,ChIJq6qaDogiTIYRBXVzd_WStoY
"Startex Landscaping LLC,","2802 Gooch St, Dallas, TX 75241, USA",Dallas,TX,(214) 929-6657,https://startexlandscaping.com/,4.8,26,"general_contractor, service, point_of_interest, establishment",Monday: 7:00 AM – 6:00 PM | Tuesday: 7:00 AM – 6:00 PM | Wednesday: 7:00 AM – 6:00 PM | Thursday: 7:00 AM – 6:00 PM | Friday: 7:00 AM – 6:00 PM | Saturday: 7:00 AM – 5:00 PM | Sunday: Closed,https://maps.google.com/?cid=3458575793213839548&g_mp=Cidnb29nbGUubWFwcy5wbGFjZXMudjEuUGxhY2VzLlNlYXJjaFRleHQQAhgEIAA,OPERATIONAL,yes,"landscaping company Dallas, TX",landscaping,2026-03-11T15:49:59.460093,ChIJz1kKdN2XToYRvJhGD1xU_y8
Keane Landscaping,"2101 Parker Rd, Wylie, TX 75098, USA",Dallas,TX,(972) 424-4851,http://www.keanelandscaping.com/,4.1,338,"general_contractor, service, point_of_interest, establishment",Monday: 6:00 AM – 5:00 PM | Tuesday: 6:00 AM – 5:00 PM | Wednesday: 6:00 AM – 5:00 PM | Thursday: 6:00 AM – 5:00 PM | Friday: 6:00 AM – 5:00 PM | Saturday: 6:00 AM – 5:00 PM | Sunday: Closed,https://maps.google.com/?cid=16924544248165461963&g_mp=Cidnb29nbGUubWFwcy5wbGFjZXMudjEuUGxhY2VzLlNlYXJjaFRleHQQAhgEIAA,OPERATIONAL,yes,"landscaping company Dallas, TX",landscaping,2026-03-11T15:49:59.460102,ChIJPRUsGxwFTIYRy29I2VIP4Oo
Black Diamond Landscaping,"1525 Mariposa Dr #900, Mesquite, TX 75150, USA",Dallas,TX,(972) 214-6400,http://www.bdlandscaping.com/,4.9,44,"general_contractor, service, point_of_interest, establishment",Monday: 8:00 AM – 5:00 PM | Tuesday: 8:00 AM – 5:00 PM | Wednesday: 8:00 AM – 5:00 PM | Thursday: 8:00 AM – 5:00 PM | Friday: 8:00 AM – 5:00 PM | Saturday: Closed | Sunday: Closed,https://maps.google.com/?cid=5802463411137510884&g_mp=Cidnb29nbGUubWFwcy5wbGFjZXMudjEuUGxhY2VzLlNlYXJjaFRleHQQAhgEIAA,OPERATIONAL,yes,"landscaping company Dallas, TX",landscaping,2026-03-11T15:49:59.460110,ChIJ-SeLrPV9ToYR5H0Ny7p9hlA
Prestige Landscape & Design,"1603 Fuller Dr, Dallas, TX 75228, USA",Dallas,TX,(469) 972-3137,https://www.prestigelandscapedesign.com/,4.9,84,"general_contractor, service, point_of_interest, establishment",Monday: Open 24 hours | Tuesday: Open 24 hours | Wednesday: Open 24 hours | Thursday: Open 24 hours | Friday: Open 24 hours | Saturday: Open 24 hours | Sunday: Open 24 hours,https://maps.google.com/?cid=15987010146500702121&g_mp=Cidnb29nbGUubWFwcy5wbGFjZXMudjEuUGxhY2VzLlNlYXJjaFRleHQQAhgEIAA,OPERATIONAL,yes,"landscaping company Dallas, TX",landscaping,2026-03-11T15:49:59.460118,ChIJ68JjE8dz00sRqW-9ggZF3d0
Vargas Landscape & Sprinklers,"618 S Clinton Ave, Dallas, TX 75208, USA",Dallas,TX,(214) 797-6032,http://vargaslandscapeandsprinklers.com/,4.9,56,"general_contractor, service, point_of_interest, establishment",Monday: 8:00 AM – 6:00 PM | Tuesday: 8:00 AM – 6:00 PM | Wednesday: 8:00 AM – 6:00 PM | Thursday: 8:00 AM – 6:00 PM | Friday: 8:00 AM – 6:00 PM | Saturday: 8:00 AM – 6:00 PM | Sunday: 8:00 AM – 6:00 PM,https://maps.google.com/?cid=14193611923770804995&g_mp=Cidnb29nbGUubWFwcy5wbGFjZXMudjEuUGxhY2VzLlNlYXJjaFRleHQQAhgEIAA,OPERATIONAL,yes,"landscaping company Dallas, TX",landscaping,2026-03-11T15:49:59.460125,ChIJ0yUpPSGbToYRA4sb_NfW-cQ
Victory Landscapes,"2500 Sylvan Ave, Dallas, TX 75212, USA",Dallas,TX,(469) 404-4954,http://www.victorylandscapes.com/,5,133,"general_contractor, service, point_of_interest, establishment",Monday: 7:00 AM – 6:00 PM | Tuesday: 7:00 AM – 6:00 PM | Wednesday: 7:00 AM – 6:00 PM | Thursday: 7:30 AM – 6:00 PM | Friday: 7:00 AM – 6:00 PM | Saturday: 9:00 AM – 1:00 PM | Sunday: Closed,https://maps.google.com/?cid=9754955651774124854&g_mp=Cidnb29nbGUubWFwcy5wbGFjZXMudjEuUGxhY2VzLlNlYXJjaFRleHQQAhgEIAA,OPERATIONAL,yes,"landscaping company Dallas, TX",landscaping,2026-03-11T15:49:59.460134,ChIJ7cAmarufToYRNpOvN3uQYIc
Evergreen Sustainable Landscapes LLC,"13101 Preston Rd Ste 110-3222, Dallas, TX 75240, USA",Dallas,TX,(469) 436-6304,http://www.evergreenlandscapestx.com/,5,24,"general_contractor, service, point_of_interest, establishment",Monday: 8:00 AM – 5:00 PM | Tuesday: 8:00 AM – 5:00 PM | Wednesday: 8:00 AM – 5:00 PM | Thursday: 8:00 AM – 5:00 PM | Friday: 8:00 AM – 5:00 PM | Saturday: Closed | Sunday: Closed,https://maps.google.com/?cid=6593587917731724772&g_mp=Cidnb29nbGUubWFwcy5wbGFjZXMudjEuUGxhY2VzLlNlYXJjaFRleHQQAhgEIAA,OPERATIONAL,yes,"landscaping company Dallas, TX",landscaping,2026-03-11T15:49:59.460142,ChIJDaidtNQhTIYR5P2030YhgVs
North Dallas Landscapes,"10050 Cayuga Dr, Dallas, TX 75228, USA",Dallas,TX,(214) 275-4998,https://northdallaslandscapes.com/contact-us/,4.7,37,"general_contractor, service, point_of_interest, establishment",Monday: 9:00 AM – 4:00 PM | Tuesday: 9:00 AM – 4:00 PM | Wednesday: 9:00 AM – 4:00 PM | Thursday: 9:00 AM – 4:00 PM | Friday: 9:00 AM – 4:00 PM | Saturday: Closed | Sunday: Closed,https://maps.google.com/?cid=158963021329951518&g_mp=Cidnb29nbGUubWFwcy5wbGFjZXMudjEuUGxhY2VzLlNlYXJjaFRleHQQAhgEIAA,OPERATIONAL,yes,"landscaping company Dallas, TX",landscaping,2026-03-11T15:49:59.460150,ChIJq6rqJxWhToYRHmvLkgbANAI
Original Landscape Concepts Inc.,"7879 Spring Valley Rd, Dallas, TX 75254, USA",Dallas,TX,(972) 380-1659,https://originallandscapeconcepts.com/,5,34,"general_contractor, service, point_of_interest, establishment",Monday: 8:00 AM – 6:00 PM | Tuesday: 8:00 AM – 6:00 PM | Wednesday: 8:00 AM – 6:00 PM | Thursday: 8:00 AM – 6:00 PM | Friday: 8:00 AM – 6:00 PM | Saturday: Closed | Sunday: Closed,https://maps.google.com/?cid=12008356766144821999&g_mp=Cidnb29nbGUubWFwcy5wbGFjZXMudjEuUGxhY2VzLlNlYXJjaFRleHQQAhgEIAA,OPERATIONAL,yes,"landscaping company Dallas, TX",landscaping,2026-03-11T15:49:59.460158,ChIJCSvCWjUgTIYR73o4FttApqY
Terra Turf Landscape,"3300 Dallas Pkwy Suite 200, Plano, TX 75093, USA",Dallas,TX,(972) 424-8873,https://www.terraturf.com/,4.8,274,"general_contractor, service, point_of_interest, establishment",Monday: 7:00 AM – 7:00 PM | Tuesday: 7:00 AM – 7:00 PM | Wednesday: 7:00 AM – 7:00 PM | Thursday: 7:00 AM – 7:00 PM | Friday: 7:00 AM – 7:00 PM | Saturday: Closed | Sunday: Closed,https://maps.google.com/?cid=16575081936622666659&g_mp=Cidnb29nbGUubWFwcy5wbGFjZXMudjEuUGxhY2VzLlNlYXJjaFRleHQQAhgEIAA,OPERATIONAL,yes,"landscaping company Dallas, TX",landscaping,2026-03-11T15:49:59.460166,ChIJ53DGLockTIYRo0Nj6zOFBuY
Earth Green Lands,"3508 Doug Dr, Dallas, TX 75247, USA",Dallas,TX,(214) 659-1669,https://earthgreenlands.com/?utm_source=google&utm_medium=google-my-business&utm_campaign=lead&utm_content=call-now&utm_term=landscaping-dallas,4.8,24,"general_contractor, service, point_of_interest, establishment",Monday: 7:30 AM – 7:30 PM | Tuesday: 7:30 AM – 7:30 PM | Wednesday: 7:30 AM – 7:30 PM | Thursday: 7:30 AM – 7:30 PM | Friday: 7:30 AM – 7:30 PM | Saturday: 7:30 AM – 7:30 PM | Sunday: Closed,https://maps.google.com/?cid=4844244287062391786&g_mp=Cidnb29nbGUubWFwcy5wbGFjZXMudjEuUGxhY2VzLlNlYXJjaFRleHQQAhgEIAA,OPERATIONAL,yes,"landscaping company Dallas, TX",landscaping,2026-03-11T15:49:59.460175,ChIJix2MKrGjToYR6ruRX4M2OkM
Gardens for Texas,"6510 Abrams Rd, Dallas, TX 75231, USA",Dallas,TX,(469) 330-9987,https://gardensfortexas.com/contact,4.7,66,"general_contractor, service, point_of_interest, establishment",Monday: 9:00 AM – 6:00 PM | Tuesday: 9:00 AM – 6:00 PM | Wednesday: 9:00 AM – 6:00 PM | Thursday: 9:00 AM – 6:00 PM | Friday: 9:00 AM – 6:00 PM | Saturday: Closed | Sunday: Closed,https://maps.google.com/?cid=2603443799719571116&g_mp=Cidnb29nbGUubWFwcy5wbGFjZXMudjEuUGxhY2VzLlNlYXJjaFRleHQQAhgEIAA,OPERATIONAL,yes,"landscaping company Dallas, TX",landscaping,2026-03-11T15:49:59.460183,ChIJDWntlImfToYRrG76mldKISQ
J.Jc DFW Lawn care services LLC.,"5834 Plum Dale Rd, Dallas, TX 75241, USA",Dallas,TX,(469) 849-1852,https://www.facebook.com/profile.php?id=61576151453748&mibextid=wwXIfr&mibextid=wwXIfr,5,28,"general_contractor, service, point_of_interest, establishment",Monday: Open 24 hours | Tuesday: Open 24 hours | Wednesday: Open 24 hours | Thursday: Open 24 hours | Friday: Open 24 hours | Saturday: Open 24 hours | Sunday: Open 24 hours,https://maps.google.com/?cid=1575901603332993802&g_mp=Cidnb29nbGUubWFwcy5wbGFjZXMudjEuUGxhY2VzLlNlYXJjaFRleHQQAhgEIAA,OPERATIONAL,no,"lawn care service Dallas, TX",landscaping,2026-03-11T15:50:00.915393,ChIJ4SrC6ZaXToYRCrOhoyi63hU
TruGreen Lawn Care,"4908 Olson Dr, Dallas, TX 75227, USA",Dallas,TX,(833) 418-5004,https://www.trugreen.com/local-lawn-care/texas/dallas/?utm_source=gmb&utm_channel=organic,4.4,548,"service, point_of_interest, establishment",Monday: 6:30 AM – 8:00 PM | Tuesday: 6:30 AM – 8:00 PM | Wednesday: 6:30 AM – 8:00 PM | Thursday: 6:30 AM – 8:00 PM | Friday: 6:30 AM – 8:00 PM | Saturday: 7:30 AM – 6:00 PM | Sunday: Closed,https://maps.google.com/?cid=11419437804871845900&g_mp=Cidnb29nbGUubWFwcy5wbGFjZXMudjEuUGxhY2VzLlNlYXJjaFRleHQQAhgEIAA,OPERATIONAL,yes,"lawn care service Dallas, TX",landscaping,2026-03-11T15:50:00.915415,ChIJqzI0XY6jToYRDIgNRi7-eZ4
"The Grounds Guys of Dallas, Park Cities & Lakewood","5641 SMU Boulevard Suite 105, Dallas, TX 75206, USA",Dallas,TX,(214) 296-4186,https://www.groundsguys.com/university-park-tx/?cid=LSTL_GUY000204&utm_source=gmb&utm_campaign=local&utm_medium=organic,4.9,52,"supplier, general_contractor, service, food, point_of_interest, establishment",Monday: Open 24 hours | Tuesday: Open 24 hours | Wednesday: Open 24 hours | Thursday: Open 24 hours | Friday: Open 24 hours | Saturday: Open 24 hours | Sunday: Open 24 hours,https://maps.google.com/?cid=2407703059048934529&g_mp=Cidnb29nbGUubWFwcy5wbGFjZXMudjEuUGxhY2VzLlNlYXJjaFRleHQQAhgEIAA,OPERATIONAL,yes,"lawn care service Dallas, TX",landscaping,2026-03-11T15:50:00.915425,ChIJq6qqqtaYToYRgaw79yzhaSE
Sam’s lawn care dfw,"2419 Lapsley St, Dallas, TX 75212, USA",Dallas,TX,,,4.8,17,"service, point_of_interest, establishment",Monday: 7:00 AM – 7:00 PM | Tuesday: 7:00 AM – 7:00 PM | Wednesday: 7:00 AM – 7:00 PM | Thursday: 7:00 AM – 7:00 PM | Friday: 7:00 AM – 7:00 PM | Saturday: 7:00 AM – 7:00 PM | Sunday: Closed,https://maps.google.com/?cid=13178292443486224052&g_mp=Cidnb29nbGUubWFwcy5wbGFjZXMudjEuUGxhY2VzLlNlYXJjaFRleHQQAhgEIAA,OPERATIONAL,no,"lawn care service Dallas, TX",landscaping,2026-03-11T15:50:00.915432,ChIJjVRSNYGbToYRtP414Cez4rY
DFW Landscape Solutions,"10601 Bruton Rd, Dallas, TX 75217, USA",Dallas,TX,(469) 506-7634,https://www.dfwlandscapesolutions.com/,5,17,"general_contractor, service, point_of_interest, establishment",Monday: 7:30 AM – 6:30 PM | Tuesday: 7:30 AM – 6:30 PM | Wednesday: 7:30 AM – 6:30 PM | Thursday: 7:30 AM – 6:30 PM | Friday: 7:30 AM – 6:30 PM | Saturday: Closed | Sunday: Closed,https://maps.google.com/?cid=2599771829123486999&g_mp=Cidnb29nbGUubWFwcy5wbGFjZXMudjEuUGxhY2VzLlNlYXJjaFRleHQQAhgEIAA,OPERATIONAL,yes,"lawn care service Dallas, TX",landscaping,2026-03-11T15:50:00.915440,ChIJpwnBMCClToYRFxX5U7Q-FCQ
Weed Man Lawn Care,"915 Finn Rd # 100, Hutchins, TX 75172, USA",Dallas,TX,(469) 389-3719,https://weedman.com/en-us/dallas-east,4.8,119,"service, point_of_interest, establishment",Monday: 8:00 AM – 7:00 PM | Tuesday: 8:00 AM – 7:00 PM | Wednesday: 8:00 AM – 7:00 PM | Thursday: 8:00 AM – 7:00 PM | Friday: 8:00 AM – 6:00 PM | Saturday: 9:00 AM – 2:00 PM | Sunday: Closed,https://maps.google.com/?cid=8512806634649231828&g_mp=Cidnb29nbGUubWFwcy5wbGFjZXMudjEuUGxhY2VzLlNlYXJjaFRleHQQAhgEIAA,OPERATIONAL,yes,"lawn care service Dallas, TX",landscaping,2026-03-11T15:50:00.915448,ChIJlx9asvC_ToYR1CHbC4iQI3Y
Texas Landscape Services of Dallas/Fort Worth,"10841 FM1385, Pilot Point, TX 76258, USA",Dallas,TX,(469) 455-9733,https://txlandscapeservices.com/,4.9,36,"general_contractor, service, point_of_interest, establishment",Monday: 8:00 AM – 6:00 PM | Tuesday: 8:00 AM – 6:00 PM | Wednesday: 8:00 AM – 6:00 PM | Thursday: 8:00 AM – 6:00 PM | Friday: 8:00 AM – 6:00 PM | Saturday: 8:00 AM – 12:00 PM | Sunday: Closed,https://maps.google.com/?cid=220959565481706710&g_mp=Cidnb29nbGUubWFwcy5wbGFjZXMudjEuUGxhY2VzLlNlYXJjaFRleHQQAhgEIAA,OPERATIONAL,yes,"landscape maintenance Dallas, TX",landscaping,2026-03-11T15:50:02.369129,ChIJhWOPoCt_ToYR1gRD2o0BEQM
High Quality Landscape Services,"17726 Frank Jackson Dr Suite 100, Dallas, TX 75252, USA",Dallas,TX,(972) 903-2749,http://hqlawns.com/?ref=GBP,4.5,19,"general_contractor, service, point_of_interest, establishment",Monday: 8:00 AM – 4:00 PM | Tuesday: 8:00 AM – 4:00 PM | Wednesday: 8:00 AM – 4:00 PM | Thursday: 8:00 AM – 4:00 PM | Friday: 8:00 AM – 4:00 PM | Saturday: Closed | Sunday: Closed,https://maps.google.com/?cid=4020817987825028738&g_mp=Cidnb29nbGUubWFwcy5wbGFjZXMudjEuUGxhY2VzLlNlYXJjaFRleHQQAhgEIAA,OPERATIONAL,yes,"landscape maintenance Dallas, TX",landscaping,2026-03-11T15:50:02.369153,ChIJsaL9siYiTIYRgs7PHqjQzDc
Texas Sage Landscaping & Lawn,"18383 Preston Rd #202, Dallas, TX 75252, USA",Dallas,TX,(469) 277-7252,http://txsagelandscaping.com/,5,20,"general_contractor, service, point_of_interest, establishment",Monday: 8:00 AM – 4:00 AM | Tuesday: 8:00 AM – 4:00 AM | Wednesday: 8:00 AM – 4:00 AM | Thursday: 8:00 AM – 4:00 AM | Friday: 8:00 AM – 4:00 AM | Saturday: Closed | Sunday: Closed,https://maps.google.com/?cid=16277305029982129891&g_mp=Cidnb29nbGUubWFwcy5wbGFjZXMudjEuUGxhY2VzLlNlYXJjaFRleHQQAhgEIAA,OPERATIONAL,yes,"landscape maintenance Dallas, TX",landscaping,2026-03-11T15:50:02.369163,ChIJE8AUgQHbEKUR447DFK-a5OE
Beyond Lawn Care & Landscaping LLC,"707 Button Dr, Mesquite, TX 75150, USA",Dallas,TX,(972) 803-7495,https://beyondlawncares.com/,4.9,98,"general_contractor, point_of_interest, service, establishment",Monday: 8:00 AM – 5:00 PM | Tuesday: 8:00 AM – 5:00 PM | Wednesday: 8:00 AM – 5:00 PM | Thursday: 8:00 AM – 5:00 PM | Friday: 8:00 AM – 5:00 PM | Saturday: 9:00 AM – 2:00 PM | Sunday: Closed,https://maps.google.com/?cid=971177450130793807&g_mp=Cidnb29nbGUubWFwcy5wbGFjZXMudjEuUGxhY2VzLlNlYXJjaFRleHQQAhgEIAA,OPERATIONAL,yes,"lawn mowing service Dallas, TX",landscaping,2026-03-11T15:50:04.251118,ChIJOzBLS2CnToYRT2Xq0L5Qeg0
JT Lawn Service - Lawn Care and Lawn Mowing Service,"631 Power Dr, Duncanville, TX 75116, USA",Dallas,TX,(972) 994-6863,https://jtlawnservice.com/,4.8,60,"general_contractor, point_of_interest, service, establishment",Monday: 8:00 AM – 5:00 PM | Tuesday: 8:00 AM – 5:00 PM | Wednesday: 8:00 AM – 5:00 PM | Thursday: 8:00 AM – 5:00 PM | Friday: 8:00 AM – 5:00 PM | Saturday: 8:00 AM – 5:00 PM | Sunday: Closed,https://maps.google.com/?cid=7594071230351399622&g_mp=Cidnb29nbGUubWFwcy5wbGFjZXMudjEuUGxhY2VzLlNlYXJjaFRleHQQAhgEIAA,OPERATIONAL,yes,"lawn mowing service Dallas, TX",landscaping,2026-03-11T15:50:04.251140,ChIJC6RqpeeRToYRxtobhIyPY2k
Mowing R Us,"7548 Preston Rd #141, Frisco, TX 75034, USA",Dallas,TX,(972) 515-2111,http://mowingrus.com/,4.8,383,"point_of_interest, service, establishment",Monday: Open 24 hours | Tuesday: Open 24 hours | Wednesday: Open 24 hours | Thursday: Open 24 hours | Friday: Open 24 hours | Saturday: Open 24 hours | Sunday: Open 24 hours,https://maps.google.com/?cid=2027835238414356602&g_mp=Cidnb29nbGUubWFwcy5wbGFjZXMudjEuUGxhY2VzLlNlYXJjaFRleHQQAhgEIAA,OPERATIONAL,yes,"lawn mowing service Dallas, TX",landscaping,2026-03-11T15:50:04.251149,ChIJw9_Iccc9TIYRehC1yGdRJBw
Gutierrez Property Maintenance,"1512 Glenfield Ave, Dallas, TX 75224, USA",Dallas,TX,(469) 487-9160,,5,15,"general_contractor, point_of_interest, service, establishment",Monday: 7:00 AM – 6:00 PM | Tuesday: 7:00 AM – 6:00 PM | Wednesday: 7:00 AM – 6:00 PM | Thursday: 7:00 AM – 6:00 PM | Friday: 7:00 AM – 6:00 PM | Saturday: 7:00 AM – 6:00 PM | Sunday: Closed,https://maps.google.com/?cid=1715673155492772879&g_mp=Cidnb29nbGUubWFwcy5wbGFjZXMudjEuUGxhY2VzLlNlYXJjaFRleHQQAhgEIAA,OPERATIONAL,no,"lawn mowing service Dallas, TX",landscaping,2026-03-11T15:50:04.251157,ChIJ19Cv8LybToYRD_zRF6VLzxc
CGreens Landscape / Irrigation / Drainage,"12520 Schroeder Rd Suite #101, Dallas, TX 75243, USA",Dallas,TX,(972) 231-2870,https://www.cgreens.com/,4.2,114,"general_contractor, point_of_interest, service, establishment",Monday: 8:00 AM – 5:00 PM | Tuesday: 8:00 AM – 5:00 PM | Wednesday: 8:00 AM – 5:00 PM | Thursday: 8:00 AM – 5:00 PM | Friday: 8:00 AM – 5:00 PM | Saturday: Closed | Sunday: Closed,https://maps.google.com/?cid=2389600888068711986&g_mp=Cidnb29nbGUubWFwcy5wbGFjZXMudjEuUGxhY2VzLlNlYXJjaFRleHQQAhgEIAA,OPERATIONAL,yes,"landscaper Dallas, TX",landscaping,2026-03-11T15:50:06.099146,ChIJBcomWj0gTIYRMiZL2FiRKSE
Artz Landscape Designs,"8080 N Central Expy Suite 1517, Dallas, TX 75206, USA",Dallas,TX,(469) 701-3995,http://www.artzlandscape.com/,4.9,31,"general_contractor, point_of_interest, service, establishment",Monday: 9:00 AM – 5:00 PM | Tuesday: 9:00 AM – 5:00 PM | Wednesday: 9:00 AM – 5:00 PM | Thursday: 9:00 AM – 5:00 PM | Friday: 9:00 AM – 5:00 PM | Saturday: Closed | Sunday: Closed,https://maps.google.com/?cid=13969819954923001839&g_mp=Cidnb29nbGUubWFwcy5wbGFjZXMudjEuUGxhY2VzLlNlYXJjaFRleHQQAhgEIAA,OPERATIONAL,yes,"landscaper Dallas, TX",landscaping,2026-03-11T15:50:06.099170,ChIJge8SCIKfToYR71dZ1TvF3sE
Plano Landscaping Company,"5717 Legacy Dr Suite 250, Plano, TX 75024, USA",Dallas,TX,(214) 624-6011,https://planolandscaping.net/,4.9,96,"general_contractor, service, point_of_interest, establishment",Monday: 8:00 AM – 7:00 PM | Tuesday: 8:00 AM – 7:00 PM | Wednesday: 8:00 AM – 7:00 PM | Thursday: 8:00 AM – 7:00 PM | Friday: 8:00 AM – 7:00 PM | Saturday: 8:00 AM – 7:00 PM | Sunday: Closed,https://maps.google.com/?cid=8426408222993873715&g_mp=Cidnb29nbGUubWFwcy5wbGFjZXMudjEuUGxhY2VzLlNlYXJjaFRleHQQAhgEIAA,OPERATIONAL,yes,"landscaping company Plano, TX",landscaping,2026-03-11T15:50:07.583739,ChIJA6HLklo9TIYRM_v6P6Kd8HQ
Plano Landscaping,"5700 Tennyson Pkwy #300, Plano, TX 75024, USA",Dallas,TX,(469) 833-3449,https://www.planolandscaping.com/,4.8,93,"supplier, general_contractor, service, point_of_interest, establishment",Monday: Open 24 hours | Tuesday: Open 24 hours | Wednesday: Open 24 hours | Thursday: Open 24 hours | Friday: Open 24 hours | Saturday: Open 24 hours | Sunday: Open 24 hours,https://maps.google.com/?cid=1106102693948185556&g_mp=Cidnb29nbGUubWFwcy5wbGFjZXMudjEuUGxhY2VzLlNlYXJjaFRleHQQAhgEIAA,OPERATIONAL,yes,"landscaping company Plano, TX",landscaping,2026-03-11T15:50:07.583758,ChIJM764m7QZTIYR1FviLYqqWQ8
JC's Landscaping LLC,"8105 Rasor Boulevard Suite #121, Plano, TX 75024, USA",Dallas,TX,(972) 347-4924,https://www.jclandscapingllc.com/,4.7,230,"general_contractor, service, point_of_interest, establishment",Monday: 8:00 AM – 7:00 PM | Tuesday: 8:00 AM – 7:00 PM | Wednesday: 8:00 AM – 7:00 PM | Thursday: 8:00 AM – 7:00 PM | Friday: 8:00 AM – 7:00 PM | Saturday: 8:00 AM – 7:00 PM | Sunday: Closed,https://maps.google.com/?cid=6985666241376101941&g_mp=Cidnb29nbGUubWFwcy5wbGFjZXMudjEuUGxhY2VzLlNlYXJjaFRleHQQAhgEIAA,OPERATIONAL,yes,"landscaping company Plano, TX",landscaping,2026-03-11T15:50:07.583766,ChIJRb5NBXEVTIYRNSapVG8S8mA
RC Custom Landscape & Stone Work LLC,"2921 Dale Dr, Plano, TX 75074, USA",Dallas,TX,(214) 532-5782,https://rccustomlandscapestoneworkllc.net/,5,40,"general_contractor, service, point_of_interest, establishment",Monday: 7:00 AM – 7:00 PM | Tuesday: 7:00 AM – 7:00 PM | Wednesday: 7:00 AM – 7:00 PM | Thursday: 7:00 AM – 7:00 PM | Friday: 7:00 AM – 7:00 PM | Saturday: 7:00 AM – 5:00 PM | Sunday: Closed,https://maps.google.com/?cid=16988096424758308154&g_mp=Cidnb29nbGUubWFwcy5wbGFjZXMudjEuUGxhY2VzLlNlYXJjaFRleHQQAhgEIAA,OPERATIONAL,yes,"landscaping company Plano, TX",landscaping,2026-03-11T15:50:07.583774,ChIJp0TG-NgZTIYROm3NB7HXwes
Lawn Tech,"1417 Capital Ave, Plano, TX 75074, USA",Dallas,TX,(972) 928-2384,https://lawntech.com/?utm_source=google&utm_medium=organic&utm_campaign=gbp,4.8,425,"general_contractor, service, point_of_interest, establishment",Monday: 8:00 AM – 5:00 PM | Tuesday: 8:00 AM – 5:00 PM | Wednesday: 8:00 AM – 5:00 PM | Thursday: 8:00 AM – 5:00 PM | Friday: 8:00 AM – 5:00 PM | Saturday: Closed | Sunday: Closed,https://maps.google.com/?cid=4767837915749243281&g_mp=Cidnb29nbGUubWFwcy5wbGFjZXMudjEuUGxhY2VzLlNlYXJjaFRleHQQAhgEIAA,OPERATIONAL,yes,"landscaping company Plano, TX",landscaping,2026-03-11T15:50:07.583782,ChIJAYOkBm4_TIYRkVnfwlLDKkI
College Fund Landscaping,"7081 E Parker Rd, Lucas, TX 75002, USA",Dallas,TX,(972) 985-0279,https://www.collegefundlandscaping.com/,4.7,647,"service, point_of_interest, establishment",Monday: 8:00 AM – 5:00 PM | Tuesday: 8:00 AM – 5:00 PM | Wednesday: 8:00 AM – 5:00 PM | Thursday: 8:00 AM – 5:00 PM | Friday: 8:00 AM – 5:00 PM | Saturday: Closed | Sunday: Closed,https://maps.google.com/?cid=4552386723744506877&g_mp=Cidnb29nbGUubWFwcy5wbGFjZXMudjEuUGxhY2VzLlNlYXJjaFRleHQQAhgEIAA,OPERATIONAL,yes,"landscaping company Plano, TX",landscaping,2026-03-11T15:50:07.583788,ChIJQ9C0YBoZTIYR_eP-DJtTLT8
Village Green Lawn and Pest,"1316 J Ave, Plano, TX 75074, USA",Dallas,TX,(972) 495-6990,http://villagegreen-inc.com/,4.9,255,"service, point_of_interest, establishment",Monday: 8:00 AM – 4:30 PM | Tuesday: 8:00 AM – 4:30 PM | Wednesday: 8:00 AM – 4:30 PM | Thursday: 8:00 AM – 4:30 PM | Friday: 8:00 AM – 4:30 PM | Saturday: Closed | Sunday: Closed,https://maps.google.com/?cid=8991502746661679086&g_mp=Cidnb29nbGUubWFwcy5wbGFjZXMudjEuUGxhY2VzLlNlYXJjaFRleHQQAhgEIAA,OPERATIONAL,yes,"landscaping company Plano, TX",landscaping,2026-03-11T15:50:07.583795,ChIJC9Bxc5YeTIYR7u-36xs8yHw
Texas Ranch Landscaping & Irrigation LLC,"608 Bluebonnet Dr, Allen, TX 75002, USA",Dallas,TX,(469) 347-4726,http://texasranchlandscaping.com/,4.9,94,"general_contractor, service, point_of_interest, establishment",Monday: 7:30 AM – 6:30 PM | Tuesday: 7:30 AM – 6:30 PM | Wednesday: 7:30 AM – 6:30 PM | Thursday: 7:30 AM – 6:30 PM | Friday: 7:30 AM – 6:30 PM | Saturday: 9:00 AM – 4:00 PM | Sunday: Closed,https://maps.google.com/?cid=1615025890680498616&g_mp=Cidnb29nbGUubWFwcy5wbGFjZXMudjEuUGxhY2VzLlNlYXJjaFRleHQQAhgEIAA,OPERATIONAL,yes,"landscaping company Plano, TX",landscaping,2026-03-11T15:50:07.583802,ChIJHU3THzZsiYkRuOkRpX25aRY
J's Landscaping Solutions & more LLC,"10226 Co Rd 540, Lavon, TX 75166, USA",Dallas,TX,(469) 901-2274,https://j-landscapingsolutions.com/,5,114,"general_contractor, service, point_of_interest, establishment",Monday: 7:00 AM – 5:00 PM | Tuesday: 7:00 AM – 5:00 PM | Wednesday: 7:00 AM – 5:00 PM | Thursday: 7:00 AM – 5:00 PM | Friday: 7:00 AM – 5:00 PM | Saturday: 7:00 AM – 5:00 PM | Sunday: Closed,https://maps.google.com/?cid=17666105318657036389&g_mp=Cidnb29nbGUubWFwcy5wbGFjZXMudjEuUGxhY2VzLlNlYXJjaFRleHQQAhgEIAA,OPERATIONAL,yes,"landscaping company Plano, TX",landscaping,2026-03-11T15:50:07.583808,ChIJK0uTtvHHwQQRZRAxMzCdKvU
Four Seasons Lawn + Landscaping | Murphy,"231 W Farm To Market 544 #101, Murphy, TX 75094, USA",Dallas,TX,(214) 504-4250,https://fourseasons-lawn.com/,4.8,79,"general_contractor, service, point_of_interest, establishment",Monday: 8:00 AM – 5:00 PM | Tuesday: 8:00 AM – 5:00 PM | Wednesday: 8:00 AM – 5:00 PM | Thursday: 8:00 AM – 5:00 PM | Friday: 8:00 AM – 5:00 PM | Saturday: Closed | Sunday: Closed,https://maps.google.com/?cid=6753363498032467294&g_mp=Cidnb29nbGUubWFwcy5wbGFjZXMudjEuUGxhY2VzLlNlYXJjaFRleHQQAhgEIAA,OPERATIONAL,yes,"landscaping company Plano, TX",landscaping,2026-03-11T15:50:07.583815,ChIJ___LvWICTIYRXo1QE1LEuF0
Simpson Landscape,"1300 Summit Ave Ste B, Plano, TX 75074, USA",Dallas,TX,(972) 578-1985,http://simpsonlandscape.com/,4.8,24,"general_contractor, service, point_of_interest, establishment",Monday: 8:00 AM – 4:00 PM | Tuesday: 8:00 AM – 4:00 PM | Wednesday: 8:00 AM – 4:00 PM | Thursday: 8:00 AM – 4:00 PM | Friday: 8:00 AM – 3:00 PM | Saturday: Closed | Sunday: Closed,https://maps.google.com/?cid=14513938276847722500&g_mp=Cidnb29nbGUubWFwcy5wbGFjZXMudjEuUGxhY2VzLlNlYXJjaFRleHQQAhgEIAA,OPERATIONAL,yes,"landscaping company Plano, TX",landscaping,2026-03-11T15:50:07.583821,ChIJAQBQRL6CToYRBCB08_bda8k
Bruce Landscaping & Maintenance,"1205 Placid Ave, Plano, TX 75074, USA",Dallas,TX,(972) 516-1122,https://dallasbestlandscaping.com/,4.6,24,"general_contractor, service, point_of_interest, establishment",Monday: 9:00 AM – 5:00 PM | Tuesday: 9:00 AM – 5:00 PM | Wednesday: 9:00 AM – 5:00 PM | Thursday: 9:00 AM – 5:00 PM | Friday: 9:00 AM – 5:00 PM | Saturday: Closed | Sunday: Closed,https://maps.google.com/?cid=5977011204294722533&g_mp=Cidnb29nbGUubWFwcy5wbGFjZXMudjEuUGxhY2VzLlNlYXJjaFRleHQQAhgEIAA,OPERATIONAL,yes,"landscaping company Plano, TX",landscaping,2026-03-11T15:50:07.583829,ChIJ3zsDJxQZTIYR5UOE0gWc8lI
GroGreen,"1300 Summit Ave, Plano, TX 75074, USA",Dallas,TX,(844) 598-0355,https://grogreen.com/?utm_source=gbp&utm_medium=organic&utm_campaign=gbp-listing&utm_content=plano-branch,4.8,1105,"general_contractor, service, point_of_interest, establishment",Monday: 7:00 AM – 7:00 PM | Tuesday: 7:00 AM – 7:00 PM | Wednesday: 7:00 AM – 7:00 PM | Thursday: 7:00 AM – 7:00 PM | Friday: 7:00 AM – 6:00 PM | Saturday: 7:00 AM – 3:00 PM | Sunday: 11:00 AM – 4:00 PM,https://maps.google.com/?cid=2123992057143597744&g_mp=Cidnb29nbGUubWFwcy5wbGFjZXMudjEuUGxhY2VzLlNlYXJjaFRleHQQAhgEIAA,OPERATIONAL,yes,"landscaping company Plano, TX",landscaping,2026-03-11T15:50:07.583836,ChIJc-E1KyMZTIYRsJrLx4XveR0
TruGreen Lawn Care,"1500 10th St, Plano, TX 75074, USA",Dallas,TX,(833) 418-5004,https://www.trugreen.com/local-lawn-care/texas/plano/?utm_source=gmb_yext&utm_medium=organic&y_source=1_MTUzOTUwNjctNzE1LWxvY2F0aW9uLndlYnNpdGU=?utm_source=gmb&utm_channel=organic,4.4,1082,"general_contractor, service, point_of_interest, establishment",Monday: 6:30 AM – 8:00 PM | Tuesday: 6:30 AM – 8:00 PM | Wednesday: 6:30 AM – 8:00 PM | Thursday: 6:30 AM – 8:00 PM | Friday: 6:30 AM – 8:00 PM | Saturday: 7:30 AM – 6:00 PM | Sunday: Closed,https://maps.google.com/?cid=1303428077991877688&g_mp=Cidnb29nbGUubWFwcy5wbGFjZXMudjEuUGxhY2VzLlNlYXJjaFRleHQQAhgEIAA,OPERATIONAL,yes,"lawn care service Plano, TX",landscaping,2026-03-11T15:50:09.027972,ChIJIUQz9j0ZTIYRONz5Wu60FhI
Next Level Mowing,"1201 E 15th St #101, Plano, TX 75074, USA",Dallas,TX,(214) 270-6400,https://www.nextlevelmowing.com/,5,8,"service, point_of_interest, establishment",Monday: 7:00 AM – 7:00 PM | Tuesday: 7:00 AM – 7:00 PM | Wednesday: 7:00 AM – 7:00 PM | Thursday: 7:00 AM – 7:00 PM | Friday: 7:00 AM – 7:00 PM | Saturday: 7:00 AM – 7:00 PM | Sunday: 7:00 AM – 7:00 PM,https://maps.google.com/?cid=15058000628456594999&g_mp=Cidnb29nbGUubWFwcy5wbGFjZXMudjEuUGxhY2VzLlNlYXJjaFRleHQQAhgEIAA,OPERATIONAL,yes,"lawn care service Plano, TX",landscaping,2026-03-11T15:50:09.027991,ChIJ5e7jp14ZTIYRN57DdsrD-NA
CitiTurf,"6815 McWhirter Rd, Allen, TX 75002, USA",Dallas,TX,(972) 516-0001,https://www.cititurf.com/,4.8,1420,"general_contractor, service, point_of_interest, establishment",Monday: 7:00 AM – 7:00 PM | Tuesday: 7:00 AM – 7:00 PM | Wednesday: 7:00 AM – 7:00 PM | Thursday: 7:00 AM – 7:00 PM | Friday: 7:00 AM – 7:00 PM | Saturday: 9:00 AM – 2:00 PM | Sunday: Closed,https://maps.google.com/?cid=14641123888576376212&g_mp=Cidnb29nbGUubWFwcy5wbGFjZXMudjEuUGxhY2VzLlNlYXJjaFRleHQQAhgEIAA,OPERATIONAL,yes,"lawn care service Plano, TX",landscaping,2026-03-11T15:50:09.027999,ChIJIytqcdUbTIYRlK0Uy5q4L8s
Abracadabra Lawn Pest & Weed Control,"7200 Dallas Pkwy, Plano, TX 75024, USA",Dallas,TX,(214) 245-6150,https://www.abralawn.com/plano-lawn-care/,4.9,102,"service, point_of_interest, establishment",Monday: 7:00 AM – 4:00 PM | Tuesday: 7:00 AM – 4:00 PM | Wednesday: 7:00 AM – 4:00 PM | Thursday: 7:00 AM – 4:00 PM | Friday: 7:00 AM – 4:00 PM | Saturday: Closed | Sunday: Closed,https://maps.google.com/?cid=1829042693539823157&g_mp=Cidnb29nbGUubWFwcy5wbGFjZXMudjEuUGxhY2VzLlNlYXJjaFRleHQQAhgEIAA,OPERATIONAL,yes,"lawn care service Plano, TX",landscaping,2026-03-11T15:50:09.028006,ChIJHUAK-BU9TIYRNf52m6MQYhk
Lawn Love - Dallas,"6904 April Way Cir, Plano, TX 75023, USA",Dallas,TX,(214) 329-9190,https://lawnlove.com/texas/dallas-lawn-care?utm_source=Google&utm_medium=Places&utm_campaign=Dallas,4.9,101,"service, point_of_interest, establishment",,https://maps.google.com/?cid=12658152342069376194&g_mp=Cidnb29nbGUubWFwcy5wbGFjZXMudjEuUGxhY2VzLlNlYXJjaFRleHQQAhgEIAA,OPERATIONAL,yes,"lawn care service Plano, TX",landscaping,2026-03-11T15:50:09.028012,ChIJGbVzFdgZTIYRwvTSRX3Kqq8
Spruce Lawn Care,"2310 Terry Ave, Melissa, TX 75454, USA",Dallas,TX,(469) 649-8953,http://sprucelawncareservice.com/,4.9,235,"general_contractor, service, point_of_interest, establishment",Monday: Open 24 hours | Tuesday: Open 24 hours | Wednesday: Open 24 hours | Thursday: Open 24 hours | Friday: Open 24 hours | Saturday: Open 24 hours | Sunday: Open 24 hours,https://maps.google.com/?cid=2164846569456951003&g_mp=Cidnb29nbGUubWFwcy5wbGFjZXMudjEuUGxhY2VzLlNlYXJjaFRleHQQAhgEIAA,OPERATIONAL,yes,"lawn care service Plano, TX",landscaping,2026-03-11T15:50:09.028019,ChIJA0ZVt9URTIYR2160LXwUCx4
Just Right Lawns - Dallas,"101 E Park Blvd #600-0962, Plano, TX 75074, USA",Dallas,TX,(972) 945-1290,https://justrightlawns.com/dallas-tx/lawn-mowing-dallas?utm_source=gbp&utm_medium=organic&utm_campaign=gbp-dallas,4.4,105,"service, point_of_interest, establishment",Monday: 7:00 AM – 5:00 PM | Tuesday: 7:00 AM – 5:00 PM | Wednesday: 7:00 AM – 5:00 PM | Thursday: 7:00 AM – 5:00 PM | Friday: 7:00 AM – 5:00 PM | Saturday: Closed | Sunday: Closed,https://maps.google.com/?cid=17508610435436670602&g_mp=Cidnb29nbGUubWFwcy5wbGFjZXMudjEuUGxhY2VzLlNlYXJjaFRleHQQAhgEIAA,OPERATIONAL,yes,"lawn care service Plano, TX",landscaping,2026-03-11T15:50:09.028026,ChIJwdyJMzKQdE8Rim7mKm0U-_I
Gecko Green,"1306 Exchange Dr, Richardson, TX 75081, USA",Dallas,TX,(972) 526-5278,https://geckogreen.com/lawn-care-richardson-tx/?utm_source=google&utm_medium=organic&utm_campaign=gmb-listing-richardson,4.9,580,"service, point_of_interest, establishment",Monday: 8:00 AM – 7:00 PM | Tuesday: 8:00 AM – 7:00 PM | Wednesday: 8:00 AM – 7:00 PM | Thursday: 8:00 AM – 7:00 PM | Friday: 8:00 AM – 7:00 PM | Saturday: 8:00 AM – 3:30 PM | Sunday: Closed,https://maps.google.com/?cid=2990764688570139578&g_mp=Cidnb29nbGUubWFwcy5wbGFjZXMudjEuUGxhY2VzLlNlYXJjaFRleHQQAhgEIAA,OPERATIONAL,yes,"lawn care service Plano, TX",landscaping,2026-03-11T15:50:09.028033,ChIJGRBL6OIfTIYRukMBdaNUgSk
Stonebridge Lawn & Garden,"7324 Elm St, The Colony, TX 75056, USA",Dallas,TX,(972) 265-9468,https://stonebridgelawn.com/,4.7,121,"general_contractor, service, point_of_interest, establishment",Monday: 8:00 AM – 5:00 PM | Tuesday: 8:00 AM – 5:00 PM | Wednesday: 8:00 AM – 5:00 PM | Thursday: 8:00 AM – 5:00 PM | Friday: 8:00 AM – 5:00 PM | Saturday: Closed | Sunday: Closed,https://maps.google.com/?cid=13797755756956578461&g_mp=Cidnb29nbGUubWFwcy5wbGFjZXMudjEuUGxhY2VzLlNlYXJjaFRleHQQAhgEIAA,OPERATIONAL,yes,"landscape maintenance Plano, TX",landscaping,2026-03-11T15:50:10.572627,ChIJE4SiofE6TIYRnXL_3sF5e78
Lakeside Landscapes and Lawn Care,"580 W Dearborn St, Plano, IL 60545, USA",Dallas,TX,(630) 299-6705,,5,60,"general_contractor, service, point_of_interest, establishment",Monday: Open 24 hours | Tuesday: Open 24 hours | Wednesday: Open 24 hours | Thursday: Open 24 hours | Friday: Open 24 hours | Saturday: Open 24 hours | Sunday: Open 24 hours,https://maps.google.com/?cid=1773194783005580918&g_mp=Cidnb29nbGUubWFwcy5wbGFjZXMudjEuUGxhY2VzLlNlYXJjaFRleHQQAhgEIAA,OPERATIONAL,no,"landscape maintenance Plano, TX",landscaping,2026-03-11T15:50:10.572651,ChIJvTwEllvBDogRdp6fpkKnmxg
Guzman Irrigation + Landscape,"3444 Tarkio Rd, Plano, TX 75074, USA",Dallas,TX,(469) 407-8173,https://www.guzmanlandscapeandirrigation.com/,5,77,"general_contractor, point_of_interest, service, establishment",Monday: 6:00 AM – 6:00 PM | Tuesday: 6:00 AM – 6:00 PM | Wednesday: 6:00 AM – 6:00 PM | Thursday: 6:00 AM – 6:00 PM | Friday: 6:00 AM – 6:00 PM | Saturday: 6:00 AM – 6:00 PM | Sunday: Closed,https://maps.google.com/?cid=7245056951052818104&g_mp=Cidnb29nbGUubWFwcy5wbGFjZXMudjEuUGxhY2VzLlNlYXJjaFRleHQQAhgEIAA,OPERATIONAL,yes,"landscaper Plano, TX",landscaping,2026-03-11T15:50:13.539211,ChIJO7O3kGUZTIYRuFb6OOmci2Q
Lions Landscaping LLC,"1734 R Avenue, Plano, TX 75074, USA",Dallas,TX,(951) 363-9114,https://www.facebook.com/share/1LQUzZNvyY/?mibextid=wwXIfr,5,3,"general_contractor, point_of_interest, service, establishment",Monday: Open 24 hours | Tuesday: Open 24 hours | Wednesday: Open 24 hours | Thursday: Open 24 hours | Friday: Open 24 hours | Saturday: Open 24 hours | Sunday: Open 24 hours,https://maps.google.com/?cid=10628981241665648952&g_mp=Cidnb29nbGUubWFwcy5wbGFjZXMudjEuUGxhY2VzLlNlYXJjaFRleHQQAhgEIAA,OPERATIONAL,no,"landscaper Plano, TX",landscaping,2026-03-11T15:50:13.539237,ChIJZ-dw1DaNcUUROHnF4R-6gZM
JC's Landscaping LLC,"2770 Main St Suite# 260, Frisco, TX 75033, USA",Dallas,TX,(972) 571-7899,https://www.jclandscapingllc.com/,4.6,260,"general_contractor, point_of_interest, service, establishment",Monday: 8:00 AM – 7:00 PM | Tuesday: 8:00 AM – 7:00 PM | Wednesday: 8:00 AM – 7:00 PM | Thursday: 8:00 AM – 7:00 PM | Friday: 8:00 AM – 7:00 PM | Saturday: 8:00 AM – 7:00 PM | Sunday: Closed,https://maps.google.com/?cid=9729602323133278882&g_mp=Cidnb29nbGUubWFwcy5wbGFjZXMudjEuUGxhY2VzLlNlYXJjaFRleHQQAhgEIAA,OPERATIONAL,yes,"landscaping company Frisco, TX",landscaping,2026-03-11T15:50:14.971031,ChIJs7MT3S88TIYRoqosZMN9Boc
Erik's Tree & Lawn Care Services,"8529 Preston Trace Blvd, Frisco, TX 75033, USA",Dallas,TX,(469) 919-4776,http://www.erikstreeandlawn.com/,4.9,465,"farm, wholesaler, general_contractor, point_of_interest, service, establishment",Monday: Open 24 hours | Tuesday: Open 24 hours | Wednesday: Open 24 hours | Thursday: Open 24 hours | Friday: Open 24 hours | Saturday: Open 24 hours | Sunday: Open 24 hours,https://maps.google.com/?cid=11871176565373741406&g_mp=Cidnb29nbGUubWFwcy5wbGFjZXMudjEuUGxhY2VzLlNlYXJjaFRleHQQAhgEIAA,OPERATIONAL,yes,"landscaping company Frisco, TX",landscaping,2026-03-11T15:50:14.971046,ChIJmeoqAw89TIYRXikLpTDkvqQ
Stealth Landscape Services,"King Louis Dr, Frisco, TX 75033, USA",Dallas,TX,(732) 768-2829,https://www.facebook.com/stealthlandscapes?mibextid=ZbWKwL,5,90,"general_contractor, point_of_interest, service, establishment",Monday: 7:30 AM – 5:00 PM | Tuesday: 7:00 AM – 5:00 PM | Wednesday: 7:30 AM – 5:00 PM | Thursday: 7:30 AM – 5:00 PM | Friday: 7:30 AM – 5:00 PM | Saturday: 8:30 AM – 5:00 PM | Sunday: Closed,https://maps.google.com/?cid=9601323676421158057&g_mp=Cidnb29nbGUubWFwcy5wbGFjZXMudjEuUGxhY2VzLlNlYXJjaFRleHQQAhgEIAA,OPERATIONAL,no,"landscaping company Frisco, TX",landscaping,2026-03-11T15:50:14.971052,ChIJ-WAVUqE7TIYRqXShggPBPoU
"Ryno Lawn Care, LLC","2770 Main St #155, Frisco, TX 75033, USA",Dallas,TX,(469) 496-2778,https://www.rynolawncare.com/,4.9,84,"supplier, general_contractor, point_of_interest, service, food, establishment",Monday: 8:00 AM – 5:00 PM | Tuesday: 8:00 AM – 5:00 PM | Wednesday: 8:00 AM – 5:00 PM | Thursday: 8:00 AM – 5:00 PM | Friday: 8:00 AM – 5:00 PM | Saturday: Closed | Sunday: Closed,https://maps.google.com/?cid=4491577922421460210&g_mp=Cidnb29nbGUubWFwcy5wbGFjZXMudjEuUGxhY2VzLlNlYXJjaFRleHQQAhgEIAA,OPERATIONAL,yes,"landscaping company Frisco, TX",landscaping,2026-03-11T15:50:14.971058,ChIJqQqzT-k7TIYR8gzrslJKVT4
Aeroscape Landscaping LLC,"2591 Dallas Pkwy, Frisco, TX 75034, USA",Dallas,TX,(972) 596-7193,http://www.aeroscapellc.com/,4.7,57,"general_contractor, point_of_interest, service, establishment",Monday: 7:00 AM – 5:00 PM | Tuesday: 7:00 AM – 5:00 PM | Wednesday: 7:00 AM – 5:00 PM | Thursday: 7:00 AM – 5:00 PM | Friday: 7:00 AM – 5:00 PM | Saturday: Closed | Sunday: Closed,https://maps.google.com/?cid=738319404946475559&g_mp=Cidnb29nbGUubWFwcy5wbGFjZXMudjEuUGxhY2VzLlNlYXJjaFRleHQQAhgEIAA,OPERATIONAL,yes,"landscaping company Frisco, TX",landscaping,2026-03-11T15:50:14.971064,ChIJJShjRdMjTIYRJ8qcRpYJPwo
Elite Pros,"301 Jefferson Ave, Princeton, TX 75407, USA",Dallas,TX,(214) 779-8281,http://www.eliteprosdfw.com/,4.8,118,"general_contractor, point_of_interest, service, establishment",Monday: 8:00 AM – 7:00 PM | Tuesday: 8:00 AM – 7:00 PM | Wednesday: 8:00 AM – 7:00 PM | Thursday: 8:00 AM – 7:00 PM | Friday: 8:00 AM – 7:00 PM | Saturday: 1:00 – 7:00 PM | Sunday: 3:00 – 7:00 PM,https://maps.google.com/?cid=2566547935252040884&g_mp=Cidnb29nbGUubWFwcy5wbGFjZXMudjEuUGxhY2VzLlNlYXJjaFRleHQQAhgEIAA,OPERATIONAL,yes,"landscaping company Frisco, TX",landscaping,2026-03-11T15:50:14.971069,ChIJFUr8Ldse7IARtMy1u781niM
Perfect Green Lawn and Landscape,"9500 Frisco St, Frisco, TX 75033, USA",Dallas,TX,(469) 734-0608,https://www.perfectgreendfw.com/,5,14,"general_contractor, point_of_interest, service, establishment",Monday: 8:00 AM – 6:00 PM | Tuesday: 8:00 AM – 6:00 PM | Wednesday: 8:00 AM – 6:00 PM | Thursday: 8:00 AM – 6:00 PM | Friday: 8:00 AM – 6:00 PM | Saturday: Closed | Sunday: Closed,https://maps.google.com/?cid=16298914322657650051&g_mp=Cidnb29nbGUubWFwcy5wbGFjZXMudjEuUGxhY2VzLlNlYXJjaFRleHQQAhgEIAA,OPERATIONAL,yes,"landscaping company Frisco, TX",landscaping,2026-03-11T15:50:14.971075,ChIJc_7LQPK8J2sRgyWJmjhgMeI
True Star Outdoor Solutions,"124 Rose Ln #305, Frisco, TX 75036, USA",Dallas,TX,(469) 447-5143,https://truestaros.com/,4.9,55,"general_contractor, point_of_interest, service, establishment",Monday: 9:00 AM – 5:00 PM | Tuesday: 9:00 AM – 5:00 PM | Wednesday: 9:00 AM – 5:00 PM | Thursday: 9:00 AM – 5:00 PM | Friday: 9:00 AM – 5:00 PM | Saturday: Closed | Sunday: Closed,https://maps.google.com/?cid=18031897741150685620&g_mp=Cidnb29nbGUubWFwcy5wbGFjZXMudjEuUGxhY2VzLlNlYXJjaFRleHQQAhgEIAA,OPERATIONAL,yes,"landscaping company Frisco, TX",landscaping,2026-03-11T15:50:14.971080,ChIJ4fAGhF_i8SURtIl0X3UrPvo
JC's Landscaping LLC,"202 S Coleman St Suite 300-3, Prosper, TX 75078, USA",Dallas,TX,(972) 890-0297,https://www.jclandscapingllc.com/,4.7,35,"general_contractor, point_of_interest, service, establishment",Monday: 8:00 AM – 7:00 PM | Tuesday: 8:00 AM – 7:00 PM | Wednesday: 8:00 AM – 7:00 PM | Thursday: 8:00 AM – 7:00 PM | Friday: 8:00 AM – 7:00 PM | Saturday: 8:00 AM – 7:00 PM | Sunday: Closed,https://maps.google.com/?cid=16562682560375429957&g_mp=Cidnb29nbGUubWFwcy5wbGFjZXMudjEuUGxhY2VzLlNlYXJjaFRleHQQAhgEIAA,OPERATIONAL,yes,"landscaping company Frisco, TX",landscaping,2026-03-11T15:50:14.971085,ChIJIUYtZc8_TIYRRRu8Kgl42uU
Chorbie Lawn and Pest,"6136 Frisco Square Blvd Suite 400, Frisco, TX 75034, USA",Dallas,TX,(972) 697-5221,https://chorbie.com/?utm_source=GMB,4.6,920,"point_of_interest, service, establishment",Monday: Open 24 hours | Tuesday: Open 24 hours | Wednesday: Open 24 hours | Thursday: Open 24 hours | Friday: Open 24 hours | Saturday: Open 24 hours | Sunday: Open 24 hours,https://maps.google.com/?cid=7437869308124530657&g_mp=Cidnb29nbGUubWFwcy5wbGFjZXMudjEuUGxhY2VzLlNlYXJjaFRleHQQAhgEIAA,OPERATIONAL,yes,"landscaping company Frisco, TX",landscaping,2026-03-11T15:50:14.971091,ChIJBRXXd4g9TIYR4QeLbLqeOGc
Military Lawn Cuts of Little Elm,"309 W Eldorado Pkwy #118, Little Elm, TX 75068, USA",Dallas,TX,(469) 942-4014,https://www.militarylawncuts.com/little-elm-tx,5,56,"service, point_of_interest, establishment",Monday: 8:00 AM – 5:00 PM | Tuesday: 8:00 AM – 5:00 PM | Wednesday: 8:00 AM – 5:00 PM | Thursday: 8:00 AM – 5:00 PM | Friday: 8:00 AM – 5:00 PM | Saturday: Closed | Sunday: Closed,https://maps.google.com/?cid=16072326116457243254&g_mp=Cidnb29nbGUubWFwcy5wbGFjZXMudjEuUGxhY2VzLlNlYXJjaFRleHQQAhgEIAA,OPERATIONAL,yes,"lawn care service Frisco, TX",landscaping,2026-03-11T15:50:16.425206,ChIJUTMgpgE3TIYRduKqtXJfDN8
Greenskeeper Lawns - Weed Control & Fertilization,"1316 Chiva Dr, Little Elm, TX 75068, USA",Dallas,TX,(469) 884-7336,http://www.greenskeeperlawnsllc.com/,5,102,"service, point_of_interest, establishment",Monday: 8:30 AM – 5:30 PM | Tuesday: 8:30 AM – 5:30 PM | Wednesday: 8:30 AM – 5:30 PM | Thursday: 8:30 AM – 5:30 PM | Friday: 8:30 AM – 5:30 PM | Saturday: Closed | Sunday: Closed,https://maps.google.com/?cid=9464577209941092464&g_mp=Cidnb29nbGUubWFwcy5wbGFjZXMudjEuUGxhY2VzLlNlYXJjaFRleHQQAhgEIAA,OPERATIONAL,yes,"lawn care service Frisco, TX",landscaping,2026-03-11T15:50:16.425226,ChIJ1-mU5OQ702wRcOjLs9PuWIM
Lawn Care Junkies,"2717 Ranger Ln, Aubrey, TX 76227, USA",Dallas,TX,(940) 758-0040,http://www.lawncarejunkies.com/,5,82,"service, point_of_interest, establishment",Monday: 8:00 AM – 5:00 PM | Tuesday: 8:00 AM – 5:00 PM | Wednesday: 8:00 AM – 5:00 PM | Thursday: 8:00 AM – 5:00 PM | Friday: 8:00 AM – 5:00 PM | Saturday: Closed | Sunday: Closed,https://maps.google.com/?cid=10338716413916119286&g_mp=Cidnb29nbGUubWFwcy5wbGFjZXMudjEuUGxhY2VzLlNlYXJjaFRleHQQAhgEIAA,OPERATIONAL,yes,"lawn care service Frisco, TX",landscaping,2026-03-11T15:50:16.425235,ChIJO5ozg7ofrEQR9oD4NM1_eo8
Weedex Lawn Care,"375 Adriatic Pkwy #2101, McKinney, TX 75072, USA",Dallas,TX,(972) 528-0908,,5,739,"service, point_of_interest, establishment",Monday: Open 24 hours | Tuesday: Open 24 hours | Wednesday: Open 24 hours | Thursday: Open 24 hours | Friday: Open 24 hours | Saturday: Open 24 hours | Sunday: Open 24 hours,https://maps.google.com/?cid=4627448311163786009&g_mp=Cidnb29nbGUubWFwcy5wbGFjZXMudjEuUGxhY2VzLlNlYXJjaFRleHQQAhgEIAA,OPERATIONAL,no,"lawn care service Frisco, TX",landscaping,2026-03-11T15:50:16.425242,ChIJ4YBpSSAVTIYRGRNmw7j_N0A
Landscaping Lawn Services,"715 S Powell Pkwy #191, Anna, TX 75409, USA",Dallas,TX,(469) 831-3911,https://www.landscapinglawnservices.com/,4.9,118,"general_contractor, service, point_of_interest, establishment",Monday: 8:00 AM – 6:00 PM | Tuesday: 8:00 AM – 6:00 PM | Wednesday: 8:00 AM – 6:00 PM | Thursday: 8:00 AM – 6:00 PM | Friday: 8:00 AM – 6:00 PM | Saturday: 9:00 AM – 1:00 PM | Sunday: Closed,https://maps.google.com/?cid=7140810581507742911&g_mp=Cidnb29nbGUubWFwcy5wbGFjZXMudjEuUGxhY2VzLlNlYXJjaFRleHQQAhgEIAA,OPERATIONAL,yes,"lawn care service Frisco, TX",landscaping,2026-03-11T15:50:16.425249,ChIJg8XzaCGhToYRv5we52NBGWM
Military Lawn Cuts of Aubrey,"9153 Benevolent Ct, Aubrey, TX 76227, USA",Dallas,TX,(940) 209-5484,https://www.militarylawncuts.com/aubrey-tx,4.8,215,"service, point_of_interest, establishment",Monday: 8:00 AM – 5:00 PM | Tuesday: 8:00 AM – 5:00 PM | Wednesday: 8:00 AM – 5:00 PM | Thursday: 8:00 AM – 5:00 PM | Friday: 8:00 AM – 5:00 PM | Saturday: Closed | Sunday: Closed,https://maps.google.com/?cid=17268454606207990779&g_mp=Cidnb29nbGUubWFwcy5wbGFjZXMudjEuUGxhY2VzLlNlYXJjaFRleHQQAhgEIAA,OPERATIONAL,yes,"lawn mowing service Frisco, TX",landscaping,2026-03-11T15:50:19.479276,ChIJI6Ls7fg3TIYR-zv83vjfpe8
Military Lawn Cuts of Celina,"11726 Joe Allen Rd, Pilot Point, TX 76258, USA",Dallas,TX,(972) 502-9417,https://www.militarylawncuts.com/celina-tx,5,58,"general_contractor, service, point_of_interest, establishment",Monday: 8:00 AM – 5:00 PM | Tuesday: 8:00 AM – 5:00 PM | Wednesday: 8:00 AM – 5:00 PM | Thursday: 8:00 AM – 5:00 PM | Friday: 8:00 AM – 5:00 PM | Saturday: Closed | Sunday: Closed,https://maps.google.com/?cid=4038582254168634250&g_mp=Cidnb29nbGUubWFwcy5wbGFjZXMudjEuUGxhY2VzLlNlYXJjaFRleHQQAhgEIAA,OPERATIONAL,yes,"lawn mowing service Frisco, TX",landscaping,2026-03-11T15:50:19.479297,ChIJZ7UGvTP596ARivPqryntCzg
Elite Outdoor Living,"15222 King Rd Suite 701, Frisco, TX 75036, USA",Dallas,TX,(469) 742-3802,https://eliteol.com/,4.9,65,"general_contractor, service, point_of_interest, establishment",Monday: 8:00 AM – 5:00 PM | Tuesday: 8:00 AM – 5:00 PM | Wednesday: 8:00 AM – 5:00 PM | Thursday: 8:00 AM – 5:00 PM | Friday: 8:00 AM – 5:00 PM | Saturday: Closed | Sunday: Closed,https://maps.google.com/?cid=13066277131793025264&g_mp=Cidnb29nbGUubWFwcy5wbGFjZXMudjEuUGxhY2VzLlNlYXJjaFRleHQQAhgEIAA,OPERATIONAL,yes,"landscaper Frisco, TX",landscaping,2026-03-11T15:50:20.903315,ChIJhRzCkIQ5TIYR8EhVwdK9VLU
Pave-N-Turf,"8745 Gary Burns Dr, Frisco, TX 75034, USA",Dallas,TX,(469) 793-2329,http://pave-n-turf.com/,5,130,"general_contractor, service, point_of_interest, establishment",Monday: 8:00 AM – 5:00 PM | Tuesday: 8:00 AM – 5:00 PM | Wednesday: 8:00 AM – 5:00 PM | Thursday: 8:00 AM – 5:00 PM | Friday: 8:00 AM – 4:00 PM | Saturday: 8:00 AM – 4:00 PM | Sunday: Closed,https://maps.google.com/?cid=6692721192978635536&g_mp=Cidnb29nbGUubWFwcy5wbGFjZXMudjEuUGxhY2VzLlNlYXJjaFRleHQQAhgEIAA,OPERATIONAL,yes,"landscaper Frisco, TX",landscaping,2026-03-11T15:50:20.903339,ChIJgW6Ef947TIYREFs4KHdS4Vw
Empire Lawn Care,"1149 Mineral Springs Rd Suite 12, Arlington, TX 76001, USA",Dallas,TX,(817) 333-4490,http://empirelawncaredfw.com/,4.7,87,"general_contractor, service, point_of_interest, establishment",Monday: 7:00 AM – 7:00 PM | Tuesday: 7:00 AM – 7:00 PM | Wednesday: 7:00 AM – 7:00 PM | Thursday: 7:00 AM – 7:00 PM | Friday: 7:00 AM – 7:00 PM | Saturday: 7:00 AM – 5:00 PM | Sunday: Closed,https://maps.google.com/?cid=4087729281462547883&g_mp=Cidnb29nbGUubWFwcy5wbGFjZXMudjEuUGxhY2VzLlNlYXJjaFRleHQQAhgEIAA,OPERATIONAL,yes,"landscaping company Arlington, TX",landscaping,2026-03-11T15:50:22.445569,ChIJH75C7GdiToYRq7WJrx-Iujg
"Lone Star Lawns, Arlington, TX","1206 W Harris Rd, Arlington, TX 76001, USA",Dallas,TX,(817) 274-5811,https://lonestarlawns.com/,5,41,"general_contractor, service, point_of_interest, establishment",Monday: 8:00 AM – 5:00 PM | Tuesday: 8:00 AM – 5:00 PM | Wednesday: 8:00 AM – 5:00 PM | Thursday: 8:00 AM – 5:00 PM | Friday: 8:00 AM – 5:00 PM | Saturday: Closed | Sunday: Closed,https://maps.google.com/?cid=3217148565655115529&g_mp=Cidnb29nbGUubWFwcy5wbGFjZXMudjEuUGxhY2VzLlNlYXJjaFRleHQQAhgEIAA,OPERATIONAL,yes,"landscaping company Arlington, TX",landscaping,2026-03-11T15:50:22.445586,ChIJKSadPw81s4YRCdeHRZObpSw
Super Green J&D LLC,"405 Highland Dr, Arlington, TX 76010, USA",Dallas,TX,(469) 478-0201,https://supergreenjanddllc.com/,4.8,111,"service, point_of_interest, establishment",Monday: 7:30 AM – 5:00 PM | Tuesday: 7:30 AM – 5:00 PM | Wednesday: 7:30 AM – 5:00 PM | Thursday: 7:30 AM – 5:00 PM | Friday: 7:30 AM – 5:00 PM | Saturday: Closed | Sunday: Closed,https://maps.google.com/?cid=15126793854540775524&g_mp=Cidnb29nbGUubWFwcy5wbGFjZXMudjEuUGxhY2VzLlNlYXJjaFRleHQQAhgEIAA,OPERATIONAL,yes,"landscaping company Arlington, TX",landscaping,2026-03-11T15:50:22.445593,ChIJwRx_PTeHToYRZAB3kt0q7dE
Handsome Lawn Service,"6890 Hudson Vlg Crk Rd Building T, Kennedale, TX 76060, USA",Dallas,TX,(817) 693-0054,https://www.handsomelawnservice.com/contact,4.9,64,"service, point_of_interest, establishment",Monday: 8:00 AM – 5:00 PM | Tuesday: 8:00 AM – 5:00 PM | Wednesday: 8:00 AM – 5:00 PM | Thursday: 8:00 AM – 5:00 PM | Friday: 8:00 AM – 5:00 PM | Saturday: Closed | Sunday: Closed,https://maps.google.com/?cid=3762626731036545806&g_mp=Cidnb29nbGUubWFwcy5wbGFjZXMudjEuUGxhY2VzLlNlYXJjaFRleHQQAhgEIAA,OPERATIONAL,yes,"landscaping company Arlington, TX",landscaping,2026-03-11T15:50:22.445600,ChIJ-c3Q6Vh7ToYRDpPSnROJNzQ
Dalworth Landscape Services,"5617 Woodhollow Dr, Arlington, TX 76016, USA",Dallas,TX,(817) 437-3560,https://www.dalworthlandscape.com/,4.7,28,"general_contractor, service, point_of_interest, establishment",Monday: 8:00 AM – 5:00 PM | Tuesday: 8:00 AM – 5:00 PM | Wednesday: 8:00 AM – 5:00 PM | Thursday: 8:00 AM – 5:00 PM | Friday: 8:00 AM – 5:00 PM | Saturday: Closed | Sunday: Closed,https://maps.google.com/?cid=761297337090306286&g_mp=Cidnb29nbGUubWFwcy5wbGFjZXMudjEuUGxhY2VzLlNlYXJjaFRleHQQAhgEIAA,OPERATIONAL,yes,"landscaping company Arlington, TX",landscaping,2026-03-11T15:50:22.445606,ChIJpXvJKMxjToYR7vC3AeWrkAo
McShane Landscaping DFW,"2038 SE 4th St, Grand Prairie, TX 75051, USA",Dallas,TX,(214) 531-3077,http://mcshanelandscapingdfw.com/,5,50,"general_contractor, service, point_of_interest, establishment",Monday: 7:00 AM – 5:00 PM | Tuesday: 7:00 AM – 5:00 PM | Wednesday: 7:00 AM – 5:00 PM | Thursday: 7:00 AM – 5:00 PM | Friday: 7:00 AM – 5:00 PM | Saturday: 7:00 AM – 5:00 PM | Sunday: 7:00 AM – 5:00 PM,https://maps.google.com/?cid=1281014150344504619&g_mp=Cidnb29nbGUubWFwcy5wbGFjZXMudjEuUGxhY2VzLlNlYXJjaFRleHQQAhgEIAA,OPERATIONAL,yes,"landscaping company Arlington, TX",landscaping,2026-03-11T15:50:22.445612,ChIJByAFZFWFToYRK3WIJ5UTxxE
A & M Nursery & Supplies,"1108 Wood Ln, Arlington, TX 76001, USA",Dallas,TX,(817) 649-5364,https://amnursery1108.square.site/,4.7,131,"garden_center, general_contractor, store, service, point_of_interest, establishment",Monday: 7:00 AM – 5:00 PM | Tuesday: 7:00 AM – 5:00 PM | Wednesday: 7:00 AM – 5:00 PM | Thursday: 7:00 AM – 5:00 PM | Friday: 7:00 AM – 5:00 PM | Saturday: 7:00 AM – 5:00 PM | Sunday: Closed,https://maps.google.com/?cid=13995186599043821256&g_mp=Cidnb29nbGUubWFwcy5wbGFjZXMudjEuUGxhY2VzLlNlYXJjaFRleHQQAhgEIAA,OPERATIONAL,yes,"landscaping company Arlington, TX",landscaping,2026-03-11T15:50:22.445618,ChIJa7axGi1iToYRyG5Q6Q_kOMI
"Prime Landscape Services, Inc.","2111 1/2, W Arkansas Ln, Pantego, TX 76013, USA",Dallas,TX,(817) 461-4000,http://www.primelandscapeservices.com/,3.2,51,"general_contractor, service, point_of_interest, establishment",Monday: 8:00 AM – 5:00 PM | Tuesday: 8:00 AM – 5:00 PM | Wednesday: 8:00 AM – 5:00 PM | Thursday: 8:00 AM – 5:00 PM | Friday: 8:00 AM – 5:00 PM | Saturday: Closed | Sunday: Closed,https://maps.google.com/?cid=5777157191895784732&g_mp=Cidnb29nbGUubWFwcy5wbGFjZXMudjEuUGxhY2VzLlNlYXJjaFRleHQQAhgEIAA,OPERATIONAL,yes,"landscaping company Arlington, TX",landscaping,2026-03-11T15:50:22.445624,ChIJAxxdatp8ToYRHJ2KetuVLFA
BROTHERS LANDSCAPING,"729 Cindy Ln, Grand Prairie, TX 75052, USA",Dallas,TX,(214) 864-9815,http://www.facebook.com/lawn.pro.3,4.8,32,"general_contractor, service, point_of_interest, establishment",Monday: 5:00 AM – 9:00 PM | Tuesday: 5:00 AM – 9:00 PM | Wednesday: 5:00 AM – 9:00 PM | Thursday: 5:00 AM – 9:00 PM | Friday: 5:00 AM – 9:00 PM | Saturday: 10:00 AM – 4:00 PM | Sunday: Closed,https://maps.google.com/?cid=7165822216035226435&g_mp=Cidnb29nbGUubWFwcy5wbGFjZXMudjEuUGxhY2VzLlNlYXJjaFRleHQQAhgEIAA,OPERATIONAL,no,"landscaping company Arlington, TX",landscaping,2026-03-11T15:50:22.445630,ChIJi4_8qgOGToYRQ9Nh3lYdcmM
Xpress Lawn Care & Landscaping,"5508 Bradley Ln, Arlington, TX 76017, USA",Dallas,TX,(817) 673-5500,http://www.xpresslandscaping.com/,4.7,19,"consultant, service, point_of_interest, establishment",Monday: 7:00 AM – 5:00 PM | Tuesday: 7:00 AM – 5:00 PM | Wednesday: 7:00 AM – 5:00 PM | Thursday: 7:00 AM – 5:00 PM | Friday: 7:00 AM – 5:00 PM | Saturday: Closed | Sunday: Closed,https://maps.google.com/?cid=1205804007394348469&g_mp=Cidnb29nbGUubWFwcy5wbGFjZXMudjEuUGxhY2VzLlNlYXJjaFRleHQQAhgEIAA,OPERATIONAL,yes,"landscaping company Arlington, TX",landscaping,2026-03-11T15:50:22.445636,ChIJkVrouI9kToYRtY17KVvguxA
Lawler Lawn Care LLC,"1024 Silver Oak Dr, Mansfield, TX 76063, USA",Dallas,TX,(817) 914-2626,http://www.lawlerlawncare.com/,5,107,"general_contractor, point_of_interest, service, establishment",Monday: 7:00 AM – 6:00 PM | Tuesday: 7:00 AM – 6:00 PM | Wednesday: 7:00 AM – 6:00 PM | Thursday: 7:00 AM – 6:00 PM | Friday: 7:00 AM – 6:00 PM | Saturday: Closed | Sunday: Closed,https://maps.google.com/?cid=7544858000909443142&g_mp=Cidnb29nbGUubWFwcy5wbGFjZXMudjEuUGxhY2VzLlNlYXJjaFRleHQQAhgEIAA,OPERATIONAL,yes,"lawn care service Arlington, TX",landscaping,2026-03-11T15:50:24.200324,ChIJPXiMrHLedWcRRqD4oGC4tGg
Hamann Lawn Care & Weed Control - Pest & Mosquito Control,"2138 Corzine Dr, Arlington, TX 76013, USA",Dallas,TX,(682) 408-9013,https://hamannweedcontrol.com/,4.7,229,"point_of_interest, service, establishment",Monday: 7:00 AM – 9:00 PM | Tuesday: 7:00 AM – 9:00 PM | Wednesday: 7:00 AM – 9:00 PM | Thursday: 7:00 AM – 9:00 PM | Friday: 7:00 AM – 9:00 PM | Saturday: 7:00 AM – 9:00 PM | Sunday: 7:00 AM – 9:00 PM,https://maps.google.com/?cid=7426453154610878645&g_mp=Cidnb29nbGUubWFwcy5wbGFjZXMudjEuUGxhY2VzLlNlYXJjaFRleHQQAhgEIAA,OPERATIONAL,yes,"lawn care service Arlington, TX",landscaping,2026-03-11T15:50:24.200349,ChIJq6qqqtZiToYRtRipDcwPEGc
Green Top Lawn Care,"3001 N Main St, Euless, TX 76039, USA",Dallas,TX,(817) 684-4044,https://greentoplawncare.com/euless-lawn-care/?utm_source=gbp-euless&utm_medium=organic&utm_campaign=gbp-listing,5,147,"point_of_interest, service, establishment",Monday: 8:00 AM – 5:00 PM | Tuesday: 8:00 AM – 5:00 PM | Wednesday: 8:00 AM – 5:00 PM | Thursday: 8:00 AM – 5:00 PM | Friday: 8:00 AM – 5:00 PM | Saturday: Closed | Sunday: Closed,https://maps.google.com/?cid=16798961002023127866&g_mp=Cidnb29nbGUubWFwcy5wbGFjZXMudjEuUGxhY2VzLlNlYXJjaFRleHQQAhgEIAA,OPERATIONAL,yes,"lawn care service Arlington, TX",landscaping,2026-03-11T15:50:24.200359,ChIJWSrbPQwrTIYROos60QbmIek
Weedex Lawn Care,"2625 Aero Dr, Grand Prairie, TX 75052, USA",Dallas,TX,(972) 280-7184,https://www.weedexlawn.com/,5,815,"point_of_interest, service, establishment",Monday: Open 24 hours | Tuesday: Open 24 hours | Wednesday: Open 24 hours | Thursday: Open 24 hours | Friday: Open 24 hours | Saturday: Open 24 hours | Sunday: Open 24 hours,https://maps.google.com/?cid=12022609694521283330&g_mp=Cidnb29nbGUubWFwcy5wbGFjZXMudjEuUGxhY2VzLlNlYXJjaFRleHQQAhgEIAA,OPERATIONAL,yes,"lawn care service Arlington, TX",landscaping,2026-03-11T15:50:24.200368,ChIJWRPYtlGHToYRAtMbk9Hj2KY
Jay's Lawn Service,"1001 W Euless Blvd Suite 410-D, Euless, TX 76040, USA",Dallas,TX,(817) 662-9028,http://jayslawnservicedfw.com/,4.9,54,"general_contractor, supplier, point_of_interest, service, establishment",Monday: 7:30 AM – 6:30 PM | Tuesday: 7:30 AM – 6:30 PM | Wednesday: 7:30 AM – 6:30 PM | Thursday: 7:30 AM – 6:30 PM | Friday: 7:30 AM – 6:30 PM | Saturday: 7:30 AM – 6:30 PM | Sunday: Closed,https://maps.google.com/?cid=17771637111929711699&g_mp=Cidnb29nbGUubWFwcy5wbGFjZXMudjEuUGxhY2VzLlNlYXJjaFRleHQQAhgEIAA,OPERATIONAL,yes,"lawn care service Arlington, TX",landscaping,2026-03-11T15:50:24.200375,ChIJQ6XQ7O5_ToYRUyy4jcuJofY
TruGreen Lawn Care,"2420 113th St, Grand Prairie, TX 75050, USA",Dallas,TX,(833) 418-5004,https://www.trugreen.com/local-lawn-care/texas/grand-prairie/?utm_source=gmb&utm_channel=organic,4.6,708,"point_of_interest, service, establishment",Monday: 6:30 AM – 8:00 PM | Tuesday: 6:30 AM – 8:00 PM | Wednesday: 6:30 AM – 8:00 PM | Thursday: 6:30 AM – 8:00 PM | Friday: 6:30 AM – 8:00 PM | Saturday: 7:30 AM – 6:00 PM | Sunday: Closed,https://maps.google.com/?cid=3744346723624195760&g_mp=Cidnb29nbGUubWFwcy5wbGFjZXMudjEuUGxhY2VzLlNlYXJjaFRleHQQAhgEIAA,OPERATIONAL,yes,"lawn care service Arlington, TX",landscaping,2026-03-11T15:50:24.200384,ChIJCWupLi2BToYRsJaEuYGX9jM
All American Lawn and Landscape,"2001 Hill Country Ct, Arlington, TX 76012, USA",Dallas,TX,(214) 228-0483,http://allamericanlawncareusa.com/,4.3,37,"point_of_interest, service, establishment",Monday: 6:00 AM – 8:00 PM | Tuesday: 6:00 AM – 8:00 PM | Wednesday: 6:00 AM – 8:00 PM | Thursday: 6:00 AM – 8:00 PM | Friday: 6:00 AM – 8:00 PM | Saturday: 6:00 AM – 8:00 PM | Sunday: Closed,https://maps.google.com/?cid=7197087181462970617&g_mp=Cidnb29nbGUubWFwcy5wbGFjZXMudjEuUGxhY2VzLlNlYXJjaFRleHQQAhgEIAA,OPERATIONAL,yes,"lawn care service Arlington, TX",landscaping,2026-03-11T15:50:24.200392,ChIJ4R9hzb-ZlEAR-SCe5Kgw4WM
Gro Lawn,"9729 South Fwy, Fort Worth, TX 76140, USA",Dallas,TX,(817) 447-7711,https://uglyweeds.com/?utm_source=gbp&utm_medium=organic&utm_campaign=burleson,4.8,336,"point_of_interest, service, establishment",Monday: 7:00 AM – 7:00 PM | Tuesday: 7:00 AM – 7:00 PM | Wednesday: 7:00 AM – 7:00 PM | Thursday: 7:00 AM – 7:00 PM | Friday: 7:00 AM – 7:00 PM | Saturday: Closed | Sunday: Closed,https://maps.google.com/?cid=8835660409132544285&g_mp=Cidnb29nbGUubWFwcy5wbGFjZXMudjEuUGxhY2VzLlNlYXJjaFRleHQQAhgEIAA,OPERATIONAL,yes,"lawn care service Arlington, TX",landscaping,2026-03-11T15:50:24.200400,ChIJC-_mc1luToYRHfFTKlSSnno
RSG Lawn & Landscape,"5714 Valley Ridge Ct, Arlington, TX 76017, USA",Dallas,TX,(817) 919-5269,http://www.robertsonservicegroup.com/,5,23,"point_of_interest, service, establishment",Monday: 7:00 AM – 5:00 PM | Tuesday: 7:00 AM – 5:00 PM | Wednesday: 7:00 AM – 5:00 PM | Thursday: 7:00 AM – 5:00 PM | Friday: 7:00 AM – 5:00 PM | Saturday: 7:00 AM – 5:00 PM | Sunday: Closed,https://maps.google.com/?cid=13564270844739574047&g_mp=Cidnb29nbGUubWFwcy5wbGFjZXMudjEuUGxhY2VzLlNlYXJjaFRleHQQAhgEIAA,OPERATIONAL,yes,"landscape maintenance Arlington, TX",landscaping,2026-03-11T15:50:25.676902,ChIJ_-kdzwRiV4gRH9njeXf4Pbw
Lawn Love - Fort Worth,"1004 Pavillion Ct, Fort Worth, TX 76102, USA",Dallas,TX,(469) 629-1860,https://lawnlove.com/texas/fort-worth-lawn-care?utm_source=Google&utm_medium=Places&utm_campaign=FortWorth,4.9,79,"service, point_of_interest, establishment",,https://maps.google.com/?cid=11789724214418837837&g_mp=Cidnb29nbGUubWFwcy5wbGFjZXMudjEuUGxhY2VzLlNlYXJjaFRleHQQAhgEIAA,OPERATIONAL,yes,"lawn mowing service Arlington, TX",landscaping,2026-03-11T15:50:27.159412,ChIJtz9CIlNxToYRTZFBWLWDnaM
Steve's Landscape and Irrigation,"7320 Brynlee Dr, Arlington, TX 76001, USA",Dallas,TX,(817) 468-9563,http://arlingtontexaslandscape.com/,4.3,12,"general_contractor, service, point_of_interest, establishment",Monday: 8:00 AM – 5:00 PM | Tuesday: 8:00 AM – 5:00 PM | Wednesday: 8:00 AM – 5:00 PM | Thursday: 8:00 AM – 5:00 PM | Friday: 8:00 AM – 5:00 PM | Saturday: Closed | Sunday: Closed,https://maps.google.com/?cid=14201256558424105589&g_mp=Cidnb29nbGUubWFwcy5wbGFjZXMudjEuUGxhY2VzLlNlYXJjaFRleHQQAhgEIAA,OPERATIONAL,yes,"landscaper Arlington, TX",landscaping,2026-03-11T15:50:28.592114,ChIJyT8kIX1iToYRdSIOMZn_FMU
KC Landscape,"2100 E Road to Six Flags St E, Arlington, TX 76011, USA",Dallas,TX,(817) 640-0122,http://kclandscapetx.com/,4.3,12,"general_contractor, service, point_of_interest, establishment",Monday: 8:30 AM – 4:30 PM | Tuesday: 8:30 AM – 4:30 PM | Wednesday: 8:30 AM – 4:30 PM | Thursday: 8:30 AM – 4:30 PM | Friday: 8:30 AM – 4:30 PM | Saturday: Closed | Sunday: Closed,https://maps.google.com/?cid=10268095754814332868&g_mp=Cidnb29nbGUubWFwcy5wbGFjZXMudjEuUGxhY2VzLlNlYXJjaFRleHQQAhgEIAA,OPERATIONAL,yes,"landscaper Arlington, TX",landscaping,2026-03-11T15:50:28.592145,ChIJcxAGhZuHToYRxJ9nsa-af44
Lawn Brigade,"4730 Dick Price Rd, Fort Worth, TX 76140, USA",Dallas,TX,(817) 226-3898,http://www.lawnbrigade.com/,4.2,5,"general_contractor, service, point_of_interest, establishment",Monday: 8:00 AM – 5:00 PM | Tuesday: 8:00 AM – 5:00 PM | Wednesday: 8:00 AM – 5:00 PM | Thursday: 8:00 AM – 5:00 PM | Friday: 8:00 AM – 5:00 PM | Saturday: Closed | Sunday: Closed,https://maps.google.com/?cid=3445522289994766028&g_mp=Cidnb29nbGUubWFwcy5wbGFjZXMudjEuUGxhY2VzLlNlYXJjaFRleHQQAhgEIAA,OPERATIONAL,yes,"landscaper Arlington, TX",landscaping,2026-03-11T15:50:28.592154,ChIJBcWRbfR8ToYRzBbUgET00C8
Van Vickle Brothers Landscaping,"728 Bellah Dr, Irving, TX 75062, USA",Dallas,TX,(214) 587-0468,http://vanvicklebroslandscaping.com/,5,83,"general_contractor, point_of_interest, service, establishment",Monday: 7:00 AM – 9:00 PM | Tuesday: 7:00 AM – 9:00 PM | Wednesday: 7:00 AM – 9:00 PM | Thursday: 7:00 AM – 9:00 PM | Friday: 7:00 AM – 9:00 PM | Saturday: 7:00 AM – 9:00 PM | Sunday: Closed,https://maps.google.com/?cid=17078280250775248318&g_mp=Cidnb29nbGUubWFwcy5wbGFjZXMudjEuUGxhY2VzLlNlYXJjaFRleHQQAhgEIAA,OPERATIONAL,yes,"landscaping company Irving, TX",landscaping,2026-03-11T15:50:30.124922,ChIJx-0IxfqDToYRvh0HSmc9Au0
Santos Landscaping & Sprinklers,"1829 Robin Rd, Irving, TX 75061, USA",Dallas,TX,(214) 878-8608,http://santossprinklers.com/,5,60,"general_contractor, point_of_interest, service, establishment",Monday: 7:00 AM – 7:00 PM | Tuesday: 7:00 AM – 7:00 PM | Wednesday: 7:00 AM – 7:00 PM | Thursday: 7:00 AM – 7:00 PM | Friday: 7:00 AM – 7:00 PM | Saturday: 7:00 AM – 7:00 PM | Sunday: Closed,https://maps.google.com/?cid=4456788657281197383&g_mp=Cidnb29nbGUubWFwcy5wbGFjZXMudjEuUGxhY2VzLlNlYXJjaFRleHQQAhgEIAA,OPERATIONAL,yes,"landscaping company Irving, TX",landscaping,2026-03-11T15:50:30.124936,ChIJQevni1mDToYRR2U8tKux2T0
Gecko Green Lawn Care,"6015 Commerce Dr # 400, Irving, TX 75063, USA",Dallas,TX,(972) 846-4683,https://geckogreen.com/lawn-care-irving-tx/?utm_source=google&utm_medium=organic&utm_campaign=gmb-listing-irving,4.6,1955,"point_of_interest, service, establishment",Monday: 8:00 AM – 7:00 PM | Tuesday: 8:00 AM – 7:00 PM | Wednesday: 8:00 AM – 7:00 PM | Thursday: 8:00 AM – 7:00 PM | Friday: 8:00 AM – 7:00 PM | Saturday: 8:00 AM – 3:30 PM | Sunday: Closed,https://maps.google.com/?cid=9796357483039640671&g_mp=Cidnb29nbGUubWFwcy5wbGFjZXMudjEuUGxhY2VzLlNlYXJjaFRleHQQAhgEIAA,OPERATIONAL,yes,"landscaping company Irving, TX",landscaping,2026-03-11T15:50:30.124943,ChIJjTE_emwuTIYRX0xRPTqn84c
Bonick Landscaping,"910 Maryland Dr, Irving, TX 75061, USA",Dallas,TX,(972) 243-9673,http://bonicklandscaping.com/,4,32,"general_contractor, point_of_interest, service, establishment",Monday: 8:00 AM – 5:00 PM | Tuesday: 8:00 AM – 5:00 PM | Wednesday: 8:00 AM – 5:00 PM | Thursday: 8:00 AM – 5:00 PM | Friday: 8:00 AM – 5:00 PM | Saturday: Closed | Sunday: Closed,https://maps.google.com/?cid=18171470062212165940&g_mp=Cidnb29nbGUubWFwcy5wbGFjZXMudjEuUGxhY2VzLlNlYXJjaFRleHQQAhgEIAA,OPERATIONAL,yes,"landscaping company Irving, TX",landscaping,2026-03-11T15:50:30.124948,ChIJC4e2756dToYRNDHNuL4HLvw
Sal's Landscape & Tree Service,"1415 Perry St, Irving, TX 75060, USA",Dallas,TX,(972) 900-6884,https://www.salslandscapetree.com/,5,12,"point_of_interest, service, establishment",Monday: 8:00 AM – 5:00 PM | Tuesday: 8:00 AM – 5:00 PM | Wednesday: 8:00 AM – 5:00 PM | Thursday: 8:00 AM – 5:00 PM | Friday: 8:00 AM – 5:00 PM | Saturday: 8:00 AM – 3:00 PM | Sunday: Closed,https://maps.google.com/?cid=13043115079787729973&g_mp=Cidnb29nbGUubWFwcy5wbGFjZXMudjEuUGxhY2VzLlNlYXJjaFRleHQQAhgEIAA,OPERATIONAL,yes,"landscaping company Irving, TX",landscaping,2026-03-11T15:50:30.124955,ChIJRaN7z06DToYRNdRJRw90ArU
York Landscaping & Irrigation,"5815 E Berry St, Fort Worth, TX 76119, USA",Dallas,TX,(817) 451-9675,https://yorklandscaping.com/?utm_source=GMB&utm_medium=LOCAL&utm_campaign=ORGANIC,4.8,48,"general_contractor, point_of_interest, service, establishment",Monday: 6:00 AM – 3:00 PM | Tuesday: 6:00 AM – 3:00 PM | Wednesday: 6:00 AM – 3:00 PM | Thursday: 6:00 AM – 3:00 PM | Friday: 6:00 AM – 3:00 PM | Saturday: Closed | Sunday: Closed,https://maps.google.com/?cid=14445709241450666089&g_mp=Cidnb29nbGUubWFwcy5wbGFjZXMudjEuUGxhY2VzLlNlYXJjaFRleHQQAhgEIAA,OPERATIONAL,yes,"landscaping company Irving, TX",landscaping,2026-03-11T15:50:30.124960,ChIJs9yXcNx6ToYRaZg-uQR4ecg
Alvaro Lawn care & Tree Services,"2738 Morgan St, Irving, TX 75062, USA",Dallas,TX,(214) 429-0439,,4.8,22,"general_contractor, point_of_interest, service, establishment",Monday: 7:00 AM – 7:00 PM | Tuesday: 7:00 AM – 7:00 PM | Wednesday: 7:00 AM – 7:00 PM | Thursday: 7:00 AM – 7:00 PM | Friday: 7:00 AM – 7:00 PM | Saturday: 7:00 AM – 7:00 PM | Sunday: Closed,https://maps.google.com/?cid=1535028904355267059&g_mp=Cidnb29nbGUubWFwcy5wbGFjZXMudjEuUGxhY2VzLlNlYXJjaFRleHQQAhgEIAA,OPERATIONAL,no,"landscaping company Irving, TX",landscaping,2026-03-11T15:50:30.124965,ChIJOeZgZ_CDToYR84EN1KeETRU
Superior Edge Landscaping,"3624 Kim Dr, Irving, TX 75061, USA",Dallas,TX,(972) 900-3800,http://www.superioredgelandscaping.com/,4.3,6,"general_contractor, point_of_interest, service, establishment",Monday: 7:00 AM – 5:00 PM | Tuesday: 7:00 AM – 5:00 PM | Wednesday: 7:00 AM – 5:00 PM | Thursday: 7:00 AM – 5:00 PM | Friday: 7:00 AM – 5:00 PM | Saturday: Closed | Sunday: Closed,https://maps.google.com/?cid=11187776862527820706&g_mp=Cidnb29nbGUubWFwcy5wbGFjZXMudjEuUGxhY2VzLlNlYXJjaFRleHQQAhgEIAA,OPERATIONAL,yes,"landscaping company Irving, TX",landscaping,2026-03-11T15:50:30.124970,ChIJcbB5NcODToYRohNO9cf3Qps
Landscapes USA - DFW,"3209 W Hunter Ferrell Rd, Irving, TX 75060, USA",Dallas,TX,(214) 775-2682,https://dfw.landscapesusa.com/our-company/contact-and-directions/,5,5,"general_contractor, point_of_interest, service, establishment",Monday: 8:00 AM – 5:00 PM | Tuesday: 8:00 AM – 5:00 PM | Wednesday: 8:00 AM – 5:00 PM | Thursday: 8:00 AM – 5:00 PM | Friday: 8:00 AM – 5:00 PM | Saturday: Closed | Sunday: Closed,https://maps.google.com/?cid=3176228256347497644&g_mp=Cidnb29nbGUubWFwcy5wbGFjZXMudjEuUGxhY2VzLlNlYXJjaFRleHQQAhgEIAA,OPERATIONAL,yes,"landscaping company Irving, TX",landscaping,2026-03-11T15:50:30.124976,ChIJ58GQMJaFToYRrKQmUcU6FCw
Timberline Lawn & Landscape,"4001 La Costa Ct, Irving, TX 75038, USA",Dallas,TX,(214) 557-6975,https://timberlinelawnandlandscape.com/?utm_source=google&utm_medium=seo&utm_campaign=gbp-listing,5,2,"general_contractor, supplier, point_of_interest, service, establishment",Monday: 7:00 AM – 3:00 PM | Tuesday: 7:00 AM – 3:00 PM | Wednesday: 7:00 AM – 3:00 PM | Thursday: 7:00 AM – 3:00 PM | Friday: 7:00 AM – 3:00 PM | Saturday: Closed | Sunday: Closed,https://maps.google.com/?cid=14036379065512776642&g_mp=Cidnb29nbGUubWFwcy5wbGFjZXMudjEuUGxhY2VzLlNlYXJjaFRleHQQAhgEIAA,OPERATIONAL,yes,"landscaping company Irving, TX",landscaping,2026-03-11T15:50:30.124981,ChIJ43IaFLGDToYRwlOeZGQ8y8I
Texas Oasis Landscape & Drainage,"2922 Storey Ln, Dallas, TX 75220, USA",Dallas,TX,(214) 350-0881,http://www.texasoasis.net/,4.8,49,"general_contractor, point_of_interest, service, establishment",Monday: 9:00 AM – 5:00 PM | Tuesday: 9:00 AM – 5:00 PM | Wednesday: 9:00 AM – 5:00 PM | Thursday: 9:00 AM – 5:00 PM | Friday: 9:00 AM – 5:00 PM | Saturday: Closed | Sunday: Closed,https://maps.google.com/?cid=10980016497144827749&g_mp=Cidnb29nbGUubWFwcy5wbGFjZXMudjEuUGxhY2VzLlNlYXJjaFRleHQQAhgEIAA,OPERATIONAL,yes,"landscaping company Irving, TX",landscaping,2026-03-11T15:50:30.124985,ChIJDweAKKedToYRZQ8_XNTaYJg
"Ryno Lawn Care, LLC","320 State Hwy 121 Suite k302, Coppell, TX 75019, USA",Dallas,TX,(469) 383-8673,https://www.rynolawncare.com/,4.8,66,"general_contractor, service, point_of_interest, establishment",Monday: 8:00 AM – 5:00 PM | Tuesday: 8:00 AM – 5:00 PM | Wednesday: 8:00 AM – 5:00 PM | Thursday: 8:00 AM – 5:00 PM | Friday: 8:00 AM – 5:00 PM | Saturday: Closed | Sunday: Closed,https://maps.google.com/?cid=6764181741967504629&g_mp=Cidnb29nbGUubWFwcy5wbGFjZXMudjEuUGxhY2VzLlNlYXJjaFRleHQQAhgEIAA,OPERATIONAL,yes,"lawn care service Irving, TX",landscaping,2026-03-11T15:50:31.553575,ChIJ3VrDIiYrTIYR9fQnxnQz310
T Vasquez lawn care services Inc,"6220 N Belt Line Rd, Irving, TX 75063, USA",Dallas,TX,(214) 792-0892,,5,7,"general_contractor, service, point_of_interest, establishment",Monday: 7:00 AM – 6:00 AM | Tuesday: 7:00 AM – 6:00 AM | Wednesday: 7:00 AM – 6:00 AM | Thursday: 7:00 AM – 6:00 AM | Friday: 7:00 AM – 6:00 AM | Saturday: 7:00 AM – 6:00 AM | Sunday: Closed,https://maps.google.com/?cid=14735543473811260144&g_mp=Cidnb29nbGUubWFwcy5wbGFjZXMudjEuUGxhY2VzLlNlYXJjaFRleHQQAhgEIAA,OPERATIONAL,no,"lawn care service Irving, TX",landscaping,2026-03-11T15:50:31.553595,ChIJ8X42bMUpTIYR8ILYmLcqf8w
Alvarez Outdoor Designs LLC,"1502 W 4th St, Irving, TX 75060, USA",Dallas,TX,(972) 513-3714,https://alvarezoutdoordesignsllc.com/,5,11,"service, point_of_interest, establishment",Monday: 8:00 AM – 5:00 PM | Tuesday: 8:00 AM – 5:00 PM | Wednesday: 8:00 AM – 5:00 PM | Thursday: 8:00 AM – 5:00 PM | Friday: 8:00 AM – 5:00 PM | Saturday: 8:00 AM – 5:00 PM | Sunday: Closed,https://maps.google.com/?cid=15440108927720430310&g_mp=Cidnb29nbGUubWFwcy5wbGFjZXMudjEuUGxhY2VzLlNlYXJjaFRleHQQAhgEIAA,OPERATIONAL,yes,"lawn care service Irving, TX",landscaping,2026-03-11T15:50:31.553604,ChIJBaNgE-Qqs08R5hodukNJRtY
Coppell Lawn and Garden Inc,"556 S Coppell Rd Suite #104, Coppell, TX 75019, USA",Dallas,TX,(972) 304-1070,https://coppelllawnandgarden.com/,4.9,31,"general_contractor, point_of_interest, service, establishment",Monday: 8:00 AM – 5:00 PM | Tuesday: 8:00 AM – 5:00 PM | Wednesday: 8:00 AM – 5:00 PM | Thursday: 8:00 AM – 5:00 PM | Friday: 8:00 AM – 5:00 PM | Saturday: Closed | Sunday: Closed,https://maps.google.com/?cid=5623649595600313193&g_mp=Cidnb29nbGUubWFwcy5wbGFjZXMudjEuUGxhY2VzLlNlYXJjaFRleHQQAhgEIAA,OPERATIONAL,yes,"landscape maintenance Irving, TX",landscaping,2026-03-11T15:50:33.033133,ChIJCxR3llkpTIYRaZsGB4M3C04
Emerald Lawns - Euless Lawn Care,"3912 Euless South Main St, Euless, TX 76040, USA",Dallas,TX,(972) 460-0080,https://emeraldlawns.com/locations/euless-tx/?utm_source=google&utm_medium=organic&utm_campaign=gbp&utm_content=website_link-euless,4.7,374,"general_contractor, point_of_interest, service, establishment",Monday: 8:00 AM – 8:00 PM | Tuesday: 8:00 AM – 8:00 PM | Wednesday: 8:00 AM – 8:00 PM | Thursday: 8:00 AM – 8:00 PM | Friday: 8:00 AM – 8:00 PM | Saturday: 9:00 AM – 4:00 PM | Sunday: 9:00 AM – 1:00 PM,https://maps.google.com/?cid=16905237182328936756&g_mp=Cidnb29nbGUubWFwcy5wbGFjZXMudjEuUGxhY2VzLlNlYXJjaFRleHQQAhgEIAA,OPERATIONAL,yes,"lawn mowing service Irving, TX",landscaping,2026-03-11T15:50:34.497807,ChIJgXrB73CBToYRNBlxSKZ3m-o
"Ryno Lawn Care, LLC","129 S Main St #260, Grapevine, TX 76051, USA",Dallas,TX,(214) 390-4434,https://www.rynolawncare.com/lawn-services/lawn-care-grapevine-tx/,4.7,59,"point_of_interest, service, establishment",Monday: 8:00 AM – 5:00 PM | Tuesday: 8:00 AM – 5:00 PM | Wednesday: 8:00 AM – 5:00 PM | Thursday: 8:00 AM – 5:00 PM | Friday: 8:00 AM – 5:00 PM | Saturday: Closed | Sunday: Closed,https://maps.google.com/?cid=6756535455293718132&g_mp=Cidnb29nbGUubWFwcy5wbGFjZXMudjEuUGxhY2VzLlNlYXJjaFRleHQQAhgEIAA,OPERATIONAL,yes,"lawn mowing service Irving, TX",landscaping,2026-03-11T15:50:34.497827,ChIJVYvOTPUrTIYRdD4d7TIJxF0
